-- MySQL dump 10.13  Distrib 8.0.18, for Win64 (x86_64)
--
-- Host: localhost    Database: db_xzdhospital2_bms
-- ------------------------------------------------------
-- Server version	8.0.18

/*!40101 SET @OLD_CHARACTER_SET_CLIENT=@@CHARACTER_SET_CLIENT */;
/*!40101 SET @OLD_CHARACTER_SET_RESULTS=@@CHARACTER_SET_RESULTS */;
/*!40101 SET @OLD_COLLATION_CONNECTION=@@COLLATION_CONNECTION */;
/*!50503 SET NAMES utf8 */;
/*!40103 SET @OLD_TIME_ZONE=@@TIME_ZONE */;
/*!40103 SET TIME_ZONE='+00:00' */;
/*!40014 SET @OLD_UNIQUE_CHECKS=@@UNIQUE_CHECKS, UNIQUE_CHECKS=0 */;
/*!40014 SET @OLD_FOREIGN_KEY_CHECKS=@@FOREIGN_KEY_CHECKS, FOREIGN_KEY_CHECKS=0 */;
/*!40101 SET @OLD_SQL_MODE=@@SQL_MODE, SQL_MODE='NO_AUTO_VALUE_ON_ZERO' */;
/*!40111 SET @OLD_SQL_NOTES=@@SQL_NOTES, SQL_NOTES=0 */;

--
-- Table structure for table `checkout_contract`
--

DROP TABLE IF EXISTS `checkout_contract`;
/*!40101 SET @saved_cs_client     = @@character_set_client */;
/*!50503 SET character_set_client = utf8mb4 */;
CREATE TABLE `checkout_contract` (
  `id` int(10) unsigned NOT NULL AUTO_INCREMENT,
  `id_admin` int(11) NOT NULL,
  `time_create` datetime NOT NULL,
  `name_unit` varchar(100) DEFAULT NULL,
  `name_department` varchar(100) DEFAULT NULL,
  `name_sign` varchar(100) NOT NULL,
  `photo_urls` varchar(1000) DEFAULT NULL,
  `comment` varchar(1000) DEFAULT NULL,
  `flag` tinyint(1) DEFAULT NULL,
  PRIMARY KEY (`id`),
  UNIQUE KEY `id_UNIQUE` (`id`)
) ENGINE=InnoDB AUTO_INCREMENT=185 DEFAULT CHARSET=utf8mb4 COLLATE=utf8mb4_0900_ai_ci;
/*!40101 SET character_set_client = @saved_cs_client */;

--
-- Dumping data for table `checkout_contract`
--

LOCK TABLES `checkout_contract` WRITE;
/*!40000 ALTER TABLE `checkout_contract` DISABLE KEYS */;
INSERT INTO `checkout_contract` VALUES (1,23,'2019-12-05 10:41:18',',东市街道社区卫生服务中心','手术室','张莉','','',0),(2,23,'2020-02-20 00:00:00',',东市街道社区卫生服务中心','化验室','徐秀','','',0),(3,23,'2019-12-08 14:11:49','信州区第二人民医院,','手术室','张莉','','',0),(4,23,'2019-12-19 15:03:46','信州区第二人民医院,','骨科','许正华','','',0),(5,23,'2020-01-20 00:00:00','信州区第二人民医院,','妇产科','叶爱利','','',1),(6,23,'2020-01-06 09:32:17','信州区第二人民医院,','口腔科','杨国强','','',0),(7,23,'2020-01-20 00:00:00','信州区第二人民医院,','B超室','李敏','','',0),(8,23,'2020-01-20 00:00:00','信州区第二人民医院,','护理部四楼','张莉','','',0),(9,23,'2020-01-20 00:00:00','信州区第二人民医院,','护理部五楼','刘盈','','',0),(10,23,'2020-01-20 00:00:00','信州区第二人民医院,','护理部二楼','郑君燕','','',0),(11,23,'2020-01-20 00:00:00','信州区第二人民医院,','消毒房','张雅','','',0),(12,23,'2020-01-20 00:00:00','信州区第二人民医院,东市街道社区卫生服务中心','护理部五楼','刘盈','','',0),(13,23,'2020-01-20 00:00:00','信州区第二人民医院,东市街道社区卫生服务中心','护理部二楼','郑君燕','','',0),(14,23,'2020-01-20 00:00:00','信州区第二人民医院,东市街道社区卫生服务中心','后勤','张雅','','',0),(15,23,'2020-01-20 00:00:00','信州区第二人民医院,东市街道社区卫生服务中心','护理部四楼','张莉','','',0),(16,23,'2020-02-20 00:00:00',',东市街道社区卫生服务中心','药房','龚淑贞','','',0),(17,23,'2020-02-20 00:00:00',',东市街道社区卫生服务中心','消毒房','张雅','','',0),(18,23,'2020-02-20 00:00:00','信州区第二人民医院,东市街道社区卫生服务中心','护理部四楼','张莉','','',0),(19,23,'2020-02-20 00:00:00','信州区第二人民医院,东市街道社区卫生服务中心','护理部五楼','刘盈','','',0),(20,23,'2020-02-20 00:00:00','信州区第二人民医院,东市街道社区卫生服务中心','护理部二楼','郑君燕','','',0),(21,23,'2020-02-20 00:00:00','信州区第二人民医院,东市街道社区卫生服务中心','B超室','李敏','','',0),(22,23,'2020-02-20 00:00:00','信州区第二人民医院,东市街道社区卫生服务中心','导医台','郑芳艳','','',0),(23,23,'2020-02-20 00:00:00','信州区第二人民医院,','新冠病毒专项材料','吴敏','','',0),(24,23,'2020-02-20 00:00:00','信州区第二人民医院,','口腔科','杨国强','','',0),(25,23,'2020-02-20 00:00:00','信州区第二人民医院,','消毒房','张雅','','',0),(26,23,'2020-02-20 00:00:00','信州区第二人民医院,','护理部四楼','张莉','','',0),(27,23,'2020-02-20 00:00:00','信州区第二人民医院,','护理部五楼','刘盈','','',0),(28,23,'2020-02-20 00:00:00','信州区第二人民医院,','B超室','李敏','','',0),(29,23,'2020-02-20 00:00:00','信州区第二人民医院,','护理部二楼','郑君燕','','',0),(30,23,'2020-02-20 00:00:00','信州区第二人民医院,','检验科','徐秀','','',0),(31,23,'2020-03-31 00:00:00','信州区第二人民医院,','护理部二楼','郑君燕','','',0),(32,23,'2020-03-31 09:38:17','信州区第二人民医院,','固定财产','张莉','','',0),(33,23,'2020-03-31 09:39:41','信州区第二人民医院,','新冠病毒专项材料','吴敏','','',0),(34,23,'2020-03-31 09:45:15','信州区第二人民医院,','护理部四楼','张莉','','',0),(35,23,'2020-03-31 09:57:50','信州区第二人民医院,','护理部五楼','刘盈','','',0),(36,23,'2020-03-31 10:01:33','信州区第二人民医院,','麻醉科','周志军','','',0),(37,23,'2020-03-31 10:03:04','信州区第二人民医院,','妇产科','叶爱利','','',0),(38,23,'2020-03-31 10:14:28',',东市街道社区卫生服务中心','护理部二楼','郑君燕','','',0),(39,23,'2020-03-31 00:00:00',',东市街道社区卫生服务中心','护理部四楼','张莉','','',0),(40,23,'2020-03-31 00:00:00',',东市街道社区卫生服务中心','护理部五楼','刘盈','','',0),(41,23,'2020-03-31 10:29:39',',东市街道社区卫生服务中心','后勤','虞慧敏','','',0),(42,23,'2020-04-20 00:00:00','信州区第二人民医院,','口腔科','杨国强','','',0),(43,23,'2020-04-20 00:00:00','信州区第二人民医院,','新冠病毒专项材料','吴敏','','',0),(44,23,'2020-04-20 00:00:00','信州区第二人民医院,','固定财产','王甜/虞慧敏','','',0),(45,23,'2020-04-20 00:00:00','信州区第二人民医院,东市街道社区卫生服务中心','社区办','凌燕','','',0),(46,23,'2020-04-20 00:00:00','信州区第二人民医院,东市街道社区卫生服务中心','护理部二楼','郑君燕','','',0),(47,23,'2020-04-20 00:00:00','信州区第二人民医院,东市街道社区卫生服务中心','护理部四楼','张莉','','',0),(48,23,'2020-04-20 00:00:00','信州区第二人民医院,东市街道社区卫生服务中心','护理部五楼','刘盈','','',0),(49,23,'2020-04-20 00:00:00','信州区第二人民医院,','妇产科','王甜','','',0),(50,23,'2020-04-20 00:00:00','信州区第二人民医院,','护理部四楼','王甜','','',0),(51,23,'2020-04-20 00:00:00','信州区第二人民医院,','B超室','李敏','','',0),(52,23,'2020-04-20 00:00:00','信州区第二人民医院,','社区办','凌燕','','',0),(53,23,'2020-04-20 00:00:00','信州区第二人民医院,','护理部二楼','郑君燕','','',0),(54,23,'2020-04-20 00:00:00','信州区第二人民医院,','护理部五楼','刘盈','','',0),(55,23,'2020-05-20 00:00:00','信州区第二人民医院,','口腔科','杨国强','','',0),(56,23,'2020-05-20 00:00:00','信州区第二人民医院,','全科','刘盈','','',0),(57,23,'2020-05-20 00:00:00','信州区第二人民医院,','护理部五楼','刘盈','','',0),(58,23,'2020-05-20 00:00:00','信州区第二人民医院,','妇产科','张莉','','',0),(59,23,'2020-05-20 00:00:00','信州区第二人民医院,','护理部四楼','张莉','','',0),(60,23,'2020-05-20 00:00:00','信州区第二人民医院,','骨科','郑君燕','','',0),(61,23,'2020-05-20 00:00:00','信州区第二人民医院,','护理部二楼','郑君燕','','',0),(62,23,'2020-05-20 00:00:00','信州区第二人民医院,','中医科','王松猫','','',0),(63,23,'2020-05-20 00:00:00','信州区第二人民医院,','消毒房','虞慧敏','','',0),(64,23,'2020-05-20 00:00:00','信州区第二人民医院,','后勤','陈志强','','',0),(65,23,'2020-05-20 00:00:00','信州区第二人民医院,','影像科','李敏','','',0),(66,23,'2020-05-20 00:00:00','信州区第二人民医院,','中医科','王松猫','','',0),(67,23,'2020-05-20 00:00:00','信州区第二人民医院,','妇产科','张莉','','',0),(70,23,'2020-05-20 00:00:00','信州区第二人民医院,','新冠病毒专项材料','吴敏','','',0),(71,23,'2020-05-20 00:00:00','信州区第二人民医院,','骨科','郑君燕','','',0),(72,23,'2020-05-20 00:00:00','信州区第二人民医院,东市街道社区卫生服务中心','消毒房','虞慧敏','','',0),(73,23,'2020-05-20 00:00:00','信州区第二人民医院,东市街道社区卫生服务中心','中医科','王松猫','','',0),(74,23,'2020-05-20 00:00:00','信州区第二人民医院,','社区办','凌燕','','',0),(75,23,'2020-05-20 00:00:00','信州区第二人民医院,东市街道社区卫生服务中心','护理部五楼','刘盈','','',0),(76,23,'2020-05-20 00:00:00','信州区第二人民医院,东市街道社区卫生服务中心','护理部四楼','张莉','','',0),(77,23,'2020-05-20 00:00:00','信州区第二人民医院,东市街道社区卫生服务中心','检验科','徐秀','','',0),(78,23,'2020-05-20 00:00:00','信州区第二人民医院,东市街道社区卫生服务中心','护理部二楼','郑君燕','','',0),(79,23,'2020-05-20 00:00:00','信州区第二人民医院,','口腔科','杨国强','','',0),(80,23,'2020-05-20 00:00:00','信州区第二人民医院,','新冠病毒专项材料','吴敏','','',0),(81,23,'2020-06-29 16:25:11','信州区第二人民医院,','医院固定','刘盈','','',0),(82,23,'2020-06-29 16:34:33',',东市街道社区卫生服务中心','后勤','虞慧敏','','',0),(83,23,'2020-06-29 16:40:11','信州区第二人民医院,','护理部五楼','刘盈','','',0),(84,23,'2020-06-29 16:47:39',',东市街道社区卫生服务中心','护理部五楼','刘盈','','',0),(85,23,'2020-06-29 16:52:33',',东市街道社区卫生服务中心','后勤','刘盈','','',0),(86,23,'2020-06-29 16:53:21','信州区第二人民医院,','护理部五楼','刘盈','','',0),(87,23,'2020-06-30 08:29:18','信州区第二人民医院,','骨科','郑君燕','','',0),(88,23,'2020-06-30 08:30:53','信州区第二人民医院,','口腔科','杨国强','','',0),(89,23,'2020-06-30 08:31:41','信州区第二人民医院,','新冠病毒专项材料','吴敏','','',0),(90,23,'2020-06-30 08:33:11',',东市街道社区卫生服务中心','护理部四楼','张莉','','',0),(91,23,'2020-06-30 08:40:29','信州区第二人民医院,','护理部四楼','张莉','','',0),(92,23,'2020-06-30 08:54:43',',东市街道社区卫生服务中心','中医科','王松猫','','',0),(93,23,'2020-06-30 08:55:56',',东市街道社区卫生服务中心','护理部二楼','郑君燕','','',0),(94,23,'2020-06-30 08:59:30',',东市街道社区卫生服务中心','B超室','李敏','','',0),(95,23,'2020-06-30 09:02:02','信州区第二人民医院,','护理部二楼','郑君燕','','',0),(96,23,'2020-06-30 09:09:22','信州区第二人民医院,','B超室','李敏','','',0),(97,23,'2020-06-30 09:12:53','信州区第二人民医院,','影像科','李敏','','',0),(98,23,'2020-07-20 14:32:58',',东市街道社区卫生服务中心','消毒房','虞慧敏','','',0),(99,23,'2020-07-20 14:34:55',',东市街道社区卫生服务中心','全科','刘盈','','',0),(100,23,'2020-07-20 14:49:48',',东市街道社区卫生服务中心','骨科','郑君燕','','',0),(101,23,'2020-07-20 14:52:32',',东市街道社区卫生服务中心','妇产科','张莉','','',0),(102,23,'2020-07-20 14:57:36',',东市街道社区卫生服务中心','检验科','徐秀','','',0),(103,23,'2020-07-20 15:00:51',',东市街道社区卫生服务中心','中医科','王松猫','','',0),(104,23,'2020-07-20 15:01:53','信州区第二人民医院,','骨科','郑君燕','','',0),(105,23,'2020-07-20 15:05:05','信州区第二人民医院,','检验科','徐秀','','',0),(106,23,'2020-07-20 15:06:47','信州区第二人民医院,','妇产科','张莉','','',0),(107,23,'2020-07-20 15:16:20','信州区第二人民医院,','全科','刘盈','','',0),(108,23,'2020-07-20 15:27:15','信州区第二人民医院,','新冠专用','吴敏','','',0),(109,23,'2020-08-18 15:37:01',',东市街道社区卫生服务中心','后勤','吴敏','','',0),(110,23,'2020-08-24 09:00:43',',东市街道社区卫生服务中心','中医科','王松猫','','',0),(111,23,'2020-08-24 09:03:48',',东市街道社区卫生服务中心','护理部四楼','张莉','','',0),(112,23,'2020-08-24 09:08:20',',东市街道社区卫生服务中心','护理部五楼','刘盈','','',0),(113,23,'2020-08-24 09:10:33',',东市街道社区卫生服务中心','护理部二楼','郑君燕','','',0),(114,23,'2020-08-24 09:14:52',',东市街道社区卫生服务中心','B超室','李敏','','',0),(115,23,'2020-08-24 09:16:54','信州区第二人民医院,','导医台','刘倩茹','','',0),(116,23,'2020-08-24 09:17:50','信州区第二人民医院,','护理部四楼','张莉','','',0),(117,23,'2020-08-24 09:31:03','信州区第二人民医院,','护理部','刘盈','','',0),(118,23,'2020-08-24 09:36:51','信州区第二人民医院,','B超室','李敏','','',0),(119,23,'2020-08-24 09:37:49','信州区第二人民医院,','护理部二楼','郑君燕','','',0),(120,23,'2020-08-24 09:52:12','信州区第二人民医院,','新冠专用','吴敏','','',0),(121,23,'2020-09-22 10:19:26','信州区第二人民医院,','口腔科','杨国强','','',0),(122,23,'2020-09-22 10:21:57',',东市街道社区卫生服务中心','检验科','徐秀','','',0),(123,23,'2020-09-22 10:23:15',',东市街道社区卫生服务中心','B超室','李敏','','',0),(124,23,'2020-09-22 10:24:30',',东市街道社区卫生服务中心','护理部二楼','王秋豪','','',0),(125,23,'2020-09-22 10:25:49',',东市街道社区卫生服务中心','护理部四楼','张莉','','',0),(126,23,'2020-09-22 10:32:01',',东市街道社区卫生服务中心','护理部五楼','刘盈','','',0),(127,23,'2020-09-22 10:39:22','信州区第二人民医院,','骨科','王秋豪','','',0),(128,23,'2020-09-22 10:42:31','信州区第二人民医院,','B超室','李敏','','',0),(129,23,'2020-09-22 10:44:04','信州区第二人民医院,','检验科','徐秀','','',0),(130,23,'2020-09-22 10:47:29','信州区第二人民医院,','新冠专用','吴敏','','',0),(131,23,'2020-09-22 00:00:00','信州区第二人民医院,','护理部二楼','王秋豪','','',0),(132,23,'2020-09-22 10:58:21','信州区第二人民医院,','护理部四楼','张莉','','',0),(133,23,'2020-09-22 00:00:00','信州区第二人民医院,','护理部五楼','刘盈','','',0),(134,23,'2020-10-26 14:03:55','信州区第二人民医院,','护理部二楼','王秋豪','','',0),(135,23,'2020-10-26 14:05:52','信州区第二人民医院,','护理部四楼','张莉','','',0),(136,23,'2020-10-26 14:17:17','信州区第二人民医院,','护理部五楼','刘盈','','',0),(137,23,'2020-10-26 14:23:08','信州区第二人民医院,','社区','凌燕','','',0),(138,23,'2020-10-26 14:29:14','信州区第二人民医院,','消毒房','虞慧敏','','',0),(139,23,'2020-10-26 14:30:21','信州区第二人民医院,','骨科','王秋豪','','',0),(140,23,'2020-10-26 14:32:40',',东市街道社区卫生服务中心','护理部二楼','王秋豪','','',0),(141,23,'2020-10-26 14:35:36',',东市街道社区卫生服务中心','护理部四楼','张莉','','',0),(142,23,'2020-10-26 14:42:57',',东市街道社区卫生服务中心','护理部五楼','刘盈','','',0),(143,23,'2020-10-26 14:48:19',',东市街道社区卫生服务中心','检验科','徐秀','','',0),(144,23,'2020-10-26 00:00:00',',东市街道社区卫生服务中心','办公室','叶礼','','',0),(145,23,'2020-10-26 14:53:31',',东市街道社区卫生服务中心','中医科','王松猫','','',0),(146,23,'2020-10-26 14:56:53',',东市街道社区卫生服务中心','社区办','凌燕','','',0),(147,23,'2020-11-19 10:47:09','信州区第二人民医院,','新冠专用','吴敏','','',0),(148,23,'2020-11-19 10:51:14','信州区第二人民医院,','中医科','王松猫','','',0),(149,23,'2020-11-19 10:53:12','信州区第二人民医院,','麻醉科','周志军','','',0),(150,23,'2020-11-19 10:56:24','信州区第二人民医院,','B超室','李敏','','',0),(151,23,'2020-11-19 11:00:15','信州区第二人民医院,','检验科','徐秀','','',0),(152,23,'2020-11-19 11:01:07','信州区第二人民医院,','护理部二楼','王秋豪','','',0),(153,23,'2020-11-19 11:04:51','信州区第二人民医院,','护理部四楼','张莉','','',0),(154,23,'2020-11-19 11:06:18','信州区第二人民医院,','护理部五楼','刘盈','','',0),(155,23,'2020-11-19 11:10:34',',东市街道社区卫生服务中心','中医科','王松猫','','',0),(156,23,'2020-11-19 11:11:56',',东市街道社区卫生服务中心','护理部二楼','王秋豪','','',0),(157,23,'2020-11-19 11:14:19',',东市街道社区卫生服务中心','护理部四楼','张莉','','',0),(158,23,'2020-11-19 11:18:22',',东市街道社区卫生服务中心','护理部五楼','刘盈','','',0),(159,23,'2020-12-23 10:45:50',',东市街道社区卫生服务中心','护理部五楼','刘盈','','',0),(160,23,'2020-12-23 10:51:46',',东市街道社区卫生服务中心','护理部四楼','张莉','','',0),(161,23,'2020-12-23 10:55:54',',东市街道社区卫生服务中心','护理部二楼','王秋豪','','',0),(162,23,'2020-12-23 11:01:13',',东市街道社区卫生服务中心','检验科','徐秀','','',0),(163,23,'2020-12-23 11:02:38',',东市街道社区卫生服务中心','中医科','王松猫','','',0),(164,23,'2020-12-23 11:05:28',',东市街道社区卫生服务中心','B超室','李敏','','',0),(165,23,'2020-12-23 11:10:19','信州区第二人民医院,','全科','刘盈','','',0),(166,23,'2020-12-23 11:12:26','信州区第二人民医院,','B超室','李敏','','',0),(167,23,'2020-12-23 11:13:00','信州区第二人民医院,','骨科','王秋豪','','',0),(168,23,'2020-12-23 11:18:17','信州区第二人民医院,','骨科','王秋豪','','',0),(169,23,'2020-12-23 11:23:02','信州区第二人民医院,','新冠专用','吴敏','','',0),(170,23,'2020-12-23 11:24:08','信州区第二人民医院,','B超室','李敏','','',0),(171,23,'2020-12-23 14:14:47','信州区第二人民医院,','社区办','凌燕','','',0),(172,23,'2020-12-23 14:17:41','信州区第二人民医院,','影像科','李敏','','',0),(173,23,'2020-12-23 14:19:27','信州区第二人民医院,','麻醉科','周志军','','',0),(174,23,'2020-12-23 14:20:23','信州区第二人民医院,','消毒房','虞慧敏','','',0),(175,23,'2020-12-23 14:23:12','信州区第二人民医院,','B超室','李敏','','',0),(176,23,'2020-12-23 14:24:16','信州区第二人民医院,','中医科','王松猫','','',0),(177,23,'2020-12-23 14:25:07','信州区第二人民医院,','护理部二楼','王秋豪','','',0),(178,23,'2020-12-23 14:34:23','信州区第二人民医院,','护理部四楼','张莉','','',0),(179,23,'2020-12-23 15:09:21','信州区第二人民医院,','护理部五楼','刘盈','','',0),(181,23,'2021-01-04 09:52:18','信州区第二人民医院,','护理部四楼','张莉','','',0),(182,23,'2021-01-08 16:00:15','信州区第二人民医院,','中医馆','王松猫','','',0),(183,23,'2021-01-15 11:06:57','信州区第二人民医院,','护理部五楼','张莉','','',0),(184,23,'2021-01-28 16:00:47','信州区第二人民医院,','中医科','王松猫','','',0);
/*!40000 ALTER TABLE `checkout_contract` ENABLE KEYS */;
UNLOCK TABLES;

--
-- Table structure for table `checkout_record`
--

DROP TABLE IF EXISTS `checkout_record`;
/*!40101 SET @saved_cs_client     = @@character_set_client */;
/*!50503 SET character_set_client = utf8mb4 */;
CREATE TABLE `checkout_record` (
  `id` int(11) NOT NULL AUTO_INCREMENT,
  `id_contract` int(11) NOT NULL,
  `id_goods` int(11) NOT NULL,
  `amount` decimal(12,4) NOT NULL,
  PRIMARY KEY (`id`)
) ENGINE=InnoDB AUTO_INCREMENT=885 DEFAULT CHARSET=utf8mb4 COLLATE=utf8mb4_0900_ai_ci;
/*!40101 SET character_set_client = @saved_cs_client */;

--
-- Dumping data for table `checkout_record`
--

LOCK TABLES `checkout_record` WRITE;
/*!40000 ALTER TABLE `checkout_record` DISABLE KEYS */;
INSERT INTO `checkout_record` VALUES (66,8,39,120.0000),(70,8,28,225.0000),(71,8,124,300.0000),(72,8,125,300.0000),(73,8,44,300.0000),(74,8,97,1.0000),(75,8,31,10.0000),(76,8,57,24.0000),(77,8,73,30.0000),(78,8,55,10.0000),(79,8,33,5.0000),(80,8,113,1.0000),(81,8,38,50.0000),(83,8,146,50.0000),(84,8,147,50.0000),(85,8,148,25.0000),(88,9,62,1440.0000),(89,9,33,5.0000),(90,9,149,5.0000),(91,9,91,50.0000),(92,9,28,450.0000),(93,9,44,600.0000),(94,9,43,5.0000),(95,9,31,14.0000),(96,9,150,5.0000),(97,7,45,1000.0000),(98,7,73,10.0000),(99,10,62,2400.0000),(100,10,43,1.0000),(101,10,151,1.0000),(102,10,45,100.0000),(103,10,28,175.0000),(104,11,152,3000.0000),(105,5,35,775.0000),(106,12,89,200.0000),(107,12,23,3.0000),(108,12,48,8.0000),(109,12,153,200.0000),(110,12,25,100.0000),(111,13,22,3.0000),(112,13,154,2.0000),(113,13,27,150.0000),(114,14,136,35.0000),(115,16,90,200.0000),(116,2,48,5.0000),(117,2,22,2.0000),(118,2,90,1000.0000),(119,17,136,2.0000),(120,18,47,10.0000),(121,18,48,14.0000),(122,18,50,2.0000),(123,18,49,5.0000),(124,18,136,3.0000),(125,18,56,4.0000),(126,18,6,70.0000),(127,18,20,30.0000),(128,18,21,100.0000),(129,18,67,100.0000),(130,18,123,200.0000),(131,18,23,2.0000),(132,18,27,150.0000),(133,18,155,2.0000),(134,19,27,300.0000),(135,19,23,2.0000),(136,19,22,3.0000),(137,19,25,100.0000),(138,19,47,1.0000),(139,19,48,9.0000),(140,19,90,1000.0000),(141,19,50,2.0000),(142,19,89,200.0000),(143,20,27,150.0000),(144,20,56,7.0000),(145,20,90,2000.0000),(146,20,89,80.0000),(147,20,50,1.0000),(148,21,89,100.0000),(149,21,50,1.0000),(150,21,56,3.0000),(151,22,89,60.0000),(152,23,109,1.0000),(153,23,110,500.0000),(154,24,117,1.0000),(155,25,91,8.0000),(156,26,156,50.0000),(157,26,62,480.0000),(158,26,157,50.0000),(159,26,31,10.0000),(160,26,158,15.0000),(161,26,91,100.0000),(162,26,159,1.0000),(163,26,39,50.0000),(164,26,137,20.0000),(165,26,12,29.0000),(166,26,63,1.0000),(167,26,72,1.0000),(168,26,85,1.0000),(169,26,112,400.0000),(170,26,160,80.0000),(171,26,161,100.0000),(172,26,162,25.0000),(173,26,32,10.0000),(174,27,139,500.0000),(175,27,62,480.0000),(176,27,41,10.0000),(177,27,163,2.0000),(178,27,28,275.0000),(179,27,164,10.0000),(180,27,31,5.0000),(181,27,165,10.0000),(182,28,97,25.0000),(183,29,31,9.0000),(184,29,166,10.0000),(185,29,44,300.0000),(186,29,93,3.0000),(187,29,167,2.0000),(188,29,91,10.0000),(189,30,118,100.0000),(190,15,90,800.0000),(191,15,168,2200.0000),(192,15,27,300.0000),(193,15,22,1.0000),(194,15,47,13.0000),(195,15,48,18.0000),(196,15,89,200.0000),(197,15,56,5.0000),(198,15,49,2.0000),(199,15,29,100.0000),(200,15,26,100.0000),(201,31,108,10.0000),(202,31,114,15.0000),(203,31,17,100.0000),(204,31,128,2.0000),(205,31,169,2.0000),(206,31,45,250.0000),(207,32,115,25.0000),(208,32,116,3.0000),(209,33,8,200.0000),(210,33,91,264.0000),(211,33,170,1336.0000),(212,33,142,20.0000),(213,33,144,30.0000),(214,34,171,400.0000),(215,34,77,1.0000),(216,34,93,2.0000),(217,34,129,100.0000),(218,34,98,1.0000),(219,34,54,1.0000),(220,34,172,2.0000),(221,34,173,29.0000),(222,34,40,50.0000),(223,34,52,1.0000),(224,34,58,24.0000),(225,34,33,3.0000),(226,34,64,26.0000),(227,34,108,20.0000),(229,35,44,1000.0000),(230,35,174,100.0000),(231,35,108,10.0000),(232,36,119,5.0000),(233,36,175,60.0000),(234,37,113,1.0000),(235,38,22,3.0000),(236,38,48,4.0000),(237,38,44,200.0000),(238,38,28,275.0000),(239,38,15,200.0000),(240,38,27,360.0000),(241,38,176,90.0000),(242,38,29,100.0000),(243,39,22,5.0000),(244,39,48,10.0000),(245,39,44,100.0000),(246,39,178,300.0000),(247,39,47,10.0000),(248,39,135,2.0000),(249,39,26,100.0000),(250,39,93,1.0000),(251,39,179,3000.0000),(252,39,6,30.0000),(253,39,50,1.0000),(254,39,28,200.0000),(255,40,28,450.0000),(256,40,48,3.0000),(257,40,135,3.0000),(258,40,29,200.0000),(259,40,22,4.0000),(260,40,23,2.0000),(261,40,180,2.0000),(262,41,93,1.0000),(263,41,181,1000.0000),(264,42,183,1.0000),(265,43,186,6000.0000),(266,44,185,1.0000),(267,45,48,2.0000),(268,45,145,3.0000),(269,45,22,1.0000),(270,46,28,200.0000),(271,46,145,4.0000),(272,46,22,2.0000),(273,46,191,150.0000),(274,46,56,2.0000),(275,47,28,150.0000),(276,47,135,5.0000),(277,47,192,1000.0000),(278,47,193,300.0000),(279,47,145,10.0000),(280,47,22,1.0000),(281,47,145,5.0000),(282,47,6,20.0000),(283,47,93,2.0000),(284,48,194,3300.0000),(285,48,23,2.0000),(286,49,45,430.0000),(287,49,111,1070.0000),(288,49,112,600.0000),(289,50,195,19.0000),(290,50,93,2.0000),(291,50,196,100.0000),(292,50,140,100.0000),(293,50,32,5.0000),(294,50,77,1.0000),(295,50,187,12.0000),(296,50,197,20.0000),(297,50,52,2.0000),(298,51,97,14.0000),(299,51,122,6.0000),(300,51,93,2.0000),(301,52,118,100.0000),(302,53,75,200.0000),(303,53,128,9.0000),(304,53,198,3.0000),(305,54,62,300.0000),(306,54,28,250.0000),(307,54,93,3.0000),(308,54,128,5.0000),(309,54,33,1.0000),(310,54,29,100.0000),(311,55,199,1.0000),(312,56,86,1.0000),(314,56,247,1.0000),(315,57,28,525.0000),(316,57,203,50.0000),(317,57,237,25.0000),(318,57,88,2.0000),(319,57,248,3.0000),(320,57,62,300.0000),(321,57,177,4.0000),(322,57,249,2.0000),(323,57,23,1.0000),(324,58,112,200.0000),(325,58,239,145.0000),(326,58,210,55.0000),(327,59,230,125.0000),(328,59,237,18.0000),(329,59,203,10.0000),(330,59,12,15.0000),(331,59,12,50.0000),(332,59,205,50.0000),(333,59,250,1.0000),(334,59,44,100.0000),(335,59,52,1.0000),(336,59,128,4.0000),(337,59,127,6.0000),(338,59,251,150.0000),(339,59,93,1.0000),(340,59,33,2.0000),(341,60,242,72.0000),(342,61,241,100.0000),(343,61,252,5.0000),(344,61,93,1.0000),(345,61,230,175.0000),(346,62,93,1.0000),(347,63,101,1.0000),(348,64,224,1.0000),(349,65,104,500.0000),(350,66,227,4.0000),(351,67,189,15.0000),(352,67,218,25.0000),(353,67,212,1.0000),(356,69,50,1.0000),(357,69,135,1.0000),(358,69,22,1.0000),(359,70,89,20.0000),(360,70,253,40.0000),(361,63,254,2.0000),(362,63,255,1.0000),(363,71,227,2.0000),(364,71,256,4.0000),(365,72,23,1.0000),(366,72,213,1.0000),(367,73,135,1.0000),(368,73,50,1.0000),(369,73,22,1.0000),(370,74,94,2.0000),(371,75,225,750.0000),(372,75,135,2.0000),(373,75,145,4.0000),(374,75,22,1.0000),(375,75,56,3.0000),(376,76,244,46.0000),(377,76,225,150.0000),(378,76,22,1.0000),(379,76,257,50.0000),(380,76,243,50.0000),(381,76,140,100.0000),(382,76,145,16.0000),(383,76,135,9.0000),(384,76,132,100.0000),(385,77,56,6.0000),(386,77,145,10.0000),(387,77,22,5.0000),(388,78,225,300.0000),(389,78,145,8.0000),(390,78,22,2.0000),(391,79,258,1.0000),(392,80,222,500.0000),(393,80,231,100.0000),(394,80,232,300.0000),(395,80,233,10.0000),(396,80,235,60.0000),(397,80,234,240.0000),(398,80,236,50.0000),(399,80,207,100.0000),(400,80,240,100.0000),(401,80,207,300.0000),(402,80,206,200.0000),(403,80,221,100.0000),(404,80,202,20.0000),(405,80,259,10.0000),(406,81,286,100.0000),(407,81,287,50.0000),(408,81,290,100.0000),(409,81,291,50.0000),(410,81,288,50.0000),(411,81,289,50.0000),(412,81,292,13.0000),(413,81,293,3.0000),(414,81,294,3.0000),(415,81,295,3.0000),(416,81,296,3.0000),(417,81,297,10.0000),(418,81,298,5.0000),(419,81,299,10.0000),(420,81,300,10.0000),(421,81,301,5.0000),(422,81,302,100.0000),(423,81,303,10.0000),(424,81,304,5.0000),(425,81,305,14.0000),(426,81,306,11.0000),(427,82,145,2.0000),(428,82,308,1.0000),(429,82,245,3.0000),(430,82,309,1.0000),(431,83,78,1.0000),(432,83,81,5.0000),(433,83,230,150.0000),(434,83,29,100.0000),(435,83,88,2.0000),(436,83,111,30.0000),(437,83,246,50.0000),(438,83,280,1.0000),(439,84,56,1.0000),(440,84,135,1.0000),(441,84,245,4.0000),(442,84,278,1350.0000),(443,84,135,2.0000),(444,84,209,200.0000),(445,84,277,100.0000),(446,84,145,6.0000),(447,85,56,1.0000),(448,86,44,200.0000),(449,86,230,425.0000),(450,86,93,2.0000),(451,86,126,25.0000),(452,86,12,25.0000),(453,86,93,2.0000),(454,86,313,2.0000),(455,86,312,2000.0000),(456,86,311,2.0000),(457,86,310,2.0000),(458,87,86,83.0000),(459,87,85,1.0000),(460,88,285,1.0000),(461,89,284,1000.0000),(462,90,245,2.0000),(463,90,278,150.0000),(464,90,135,14.0000),(465,90,143,1.0000),(466,90,145,15.0000),(467,90,24,100.0000),(468,90,132,100.0000),(469,90,278,150.0000),(470,90,145,4.0000),(471,90,245,1.0000),(472,90,314,1000.0000),(473,91,33,2.0000),(474,91,127,9.0000),(475,91,93,1.0000),(476,91,230,100.0000),(477,91,215,29.0000),(478,91,44,100.0000),(479,91,111,1500.0000),(480,91,210,400.0000),(481,91,280,1.0000),(482,91,73,40.0000),(483,91,228,10.0000),(484,91,215,100.0000),(485,91,246,120.0000),(486,91,93,1.0000),(487,91,230,25.0000),(488,91,200,175.0000),(489,91,271,7.0000),(490,91,315,10.0000),(491,91,316,10.0000),(492,92,145,2.0000),(493,92,56,2.0000),(494,93,245,3.0000),(495,93,56,4.0000),(496,93,278,300.0000),(497,93,132,100.0000),(498,93,283,200.0000),(499,93,145,2.0000),(500,94,317,300.0000),(501,94,244,4.0000),(502,95,111,190.0000),(503,95,62,600.0000),(504,95,44,200.0000),(505,95,200,125.0000),(506,95,111,210.0000),(507,95,318,90.0000),(508,95,88,1.0000),(509,95,118,50.0000),(510,95,246,50.0000),(511,96,122,13.0000),(512,96,73,20.0000),(513,96,319,1000.0000),(514,97,307,500.0000),(515,98,16,2.0000),(516,99,245,1.0000),(517,99,216,1650.0000),(518,99,324,4.0000),(519,99,56,4.0000),(520,100,56,3.0000),(521,100,93,2.0000),(522,101,132,100.0000),(523,101,277,100.0000),(524,101,324,11.0000),(525,101,143,12.0000),(526,101,56,1.0000),(527,101,278,300.0000),(528,102,324,10.0000),(529,102,245,4.0000),(530,102,56,2.0000),(531,103,245,1.0000),(532,104,126,4.0000),(533,104,340,6.0000),(534,104,28,75.0000),(535,104,344,6.0000),(536,104,44,200.0000),(537,105,279,50.0000),(538,106,113,1.0000),(539,106,279,300.0000),(540,106,268,1500.0000),(541,106,200,200.0000),(542,106,215,50.0000),(543,106,122,2.0000),(544,106,323,1.0000),(545,107,200,450.0000),(546,107,44,200.0000),(547,107,241,100.0000),(548,107,323,2.0000),(549,107,127,5.0000),(550,106,44,200.0000),(551,106,33,4.0000),(552,106,333,25.0000),(553,108,331,100.0000),(554,108,188,10.0000),(555,108,50,1.0000),(556,108,51,11.0000),(557,101,345,2000.0000),(558,99,345,1000.0000),(559,100,345,2000.0000),(560,102,345,200.0000),(561,102,345,1800.0000),(562,106,347,40.0000),(563,106,348,24.0000),(564,106,349,10.0000),(565,109,346,2000.0000),(566,110,245,1.0000),(567,110,24,100.0000),(568,110,226,50.0000),(569,110,93,1.0000),(570,110,145,5.0000),(571,111,278,150.0000),(572,111,56,4.0000),(573,111,143,9.0000),(574,111,324,8.0000),(575,111,346,2000.0000),(576,111,132,100.0000),(577,111,245,2.0000),(578,112,245,4.0000),(579,112,145,4.0000),(580,112,346,1000.0000),(581,113,216,300.0000),(582,113,276,200.0000),(583,113,49,1.0000),(584,113,323,2.0000),(585,113,245,2.0000),(586,113,145,4.0000),(587,113,56,5.0000),(588,114,346,2000.0000),(589,115,93,2.0000),(590,116,52,2.0000),(591,116,210,800.0000),(592,116,200,50.0000),(593,116,28,75.0000),(594,116,342,12.0000),(596,116,279,150.0000),(597,116,246,150.0000),(598,116,350,50.0000),(599,116,325,1.0000),(600,116,329,3.0000),(601,116,335,100.0000),(602,116,217,2.0000),(603,116,241,100.0000),(604,116,274,1.0000),(605,116,351,10.0000),(606,117,217,2.0000),(607,117,28,575.0000),(608,117,327,2.0000),(609,117,323,1.0000),(610,117,352,3.0000),(611,117,62,600.0000),(612,117,31,6.0000),(613,117,211,30.0000),(614,118,122,15.0000),(615,119,44,200.0000),(616,119,28,325.0000),(617,119,62,900.0000),(618,119,31,9.0000),(619,119,353,6.0000),(620,120,355,100.0000),(621,121,356,1.0000),(622,122,245,9.0000),(623,123,56,2.0000),(624,124,283,150.0000),(625,125,49,10.0000),(626,125,145,14.0000),(627,125,143,8.0000),(628,125,216,300.0000),(629,125,245,2.0000),(630,125,357,2000.0000),(631,126,277,100.0000),(632,126,216,600.0000),(633,126,216,750.0000),(634,126,358,1500.0000),(635,126,49,1.0000),(636,126,359,19.0000),(637,126,145,6.0000),(638,126,145,4.0000),(639,126,143,2.0000),(640,126,56,4.0000),(641,127,360,2.0000),(642,127,332,2.0000),(643,128,268,1000.0000),(644,128,122,20.0000),(645,129,268,10.0000),(646,129,217,2.0000),(647,129,361,20.0000),(648,130,280,1.0000),(649,131,323,4.0000),(650,131,362,340.0000),(651,131,75,200.0000),(652,131,114,8.0000),(653,131,62,1000.0000),(654,131,326,200.0000),(655,131,268,300.0000),(656,131,268,60.0000),(657,132,187,12.0000),(658,132,52,3.0000),(659,132,363,1.0000),(660,132,223,300.0000),(661,132,217,2.0000),(662,132,246,20.0000),(663,132,364,130.0000),(664,132,215,21.0000),(665,132,272,79.0000),(666,132,365,60.0000),(667,132,44,200.0000),(668,132,33,2.0000),(669,133,223,600.0000),(670,133,323,6.0000),(671,133,44,200.0000),(672,133,217,1.0000),(673,133,354,2.0000),(674,133,73,10.0000),(675,133,367,100.0000),(676,133,368,200.0000),(677,126,277,50.0000),(678,134,77,1.0000),(679,135,274,2.0000),(680,135,342,12.0000),(681,135,416,100.0000),(682,135,389,25.0000),(683,135,31,5.0000),(684,135,329,7.0000),(685,135,440,10.0000),(686,135,408,13.0000),(687,135,371,50.0000),(688,135,210,745.0000),(689,135,410,5.0000),(690,135,223,225.0000),(691,135,404,8.0000),(692,135,381,100.0000),(693,135,228,10.0000),(694,135,444,10.0000),(695,135,34,20.0000),(696,135,272,50.0000),(697,136,223,375.0000),(698,136,370,125.0000),(699,136,274,2.0000),(700,136,339,25.0000),(701,136,323,2.0000),(702,136,44,200.0000),(703,136,376,1.0000),(704,136,372,100.0000),(705,136,31,6.0000),(706,136,377,1.0000),(707,137,445,10.0000),(708,137,78,1.0000),(709,137,381,50.0000),(710,137,323,1.0000),(711,137,403,40.0000),(712,137,406,250.0000),(713,138,213,4.0000),(714,139,405,100.0000),(715,139,401,100.0000),(716,140,56,5.0000),(717,140,217,1.0000),(718,140,30,100.0000),(719,140,328,1.0000),(720,141,276,100.0000),(721,141,145,6.0000),(722,141,323,1.0000),(723,141,400,1.0000),(724,141,396,100.0000),(725,141,402,500.0000),(726,141,374,200.0000),(727,141,143,12.0000),(728,141,384,3.0000),(729,141,328,1.0000),(730,141,398,300.0000),(731,142,396,100.0000),(732,142,407,1200.0000),(733,142,245,3.0000),(734,142,143,3.0000),(735,142,384,1.0000),(736,142,277,50.0000),(737,142,283,50.0000),(738,143,145,6.0000),(739,143,380,2.0000),(740,143,56,5.0000),(741,144,377,2.0000),(742,144,80,1.0000),(743,145,446,200.0000),(744,145,245,3.0000),(745,145,51,1.0000),(746,146,377,7.0000),(747,146,245,2.0000),(748,146,380,1.0000),(749,147,450,8000.0000),(750,147,451,24000.0000),(751,147,381,300.0000),(752,147,384,2.0000),(753,148,274,1.0000),(754,149,452,40.0000),(755,150,453,40.0000),(756,150,122,4.0000),(757,150,454,16.0000),(758,151,114,1.0000),(759,152,376,4.0000),(760,152,455,3.0000),(761,152,31,5.0000),(762,152,370,250.0000),(763,153,441,1.0000),(764,153,370,100.0000),(765,153,274,1.0000),(766,154,376,2.0000),(767,154,456,1.0000),(768,154,327,2.0000),(769,154,370,450.0000),(770,154,217,1.0000),(771,155,276,100.0000),(772,156,385,200.0000),(773,156,373,200.0000),(774,156,44,100.0000),(775,156,245,2.0000),(776,157,398,300.0000),(777,157,145,10.0000),(778,157,245,2.0000),(779,157,143,5.0000),(780,157,217,1.0000),(781,157,276,100.0000),(782,157,56,5.0000),(783,158,145,6.0000),(784,158,398,150.0000),(785,158,245,3.0000),(786,158,282,100.0000),(787,158,373,300.0000),(788,159,56,8.0000),(789,159,245,3.0000),(790,159,217,4.0000),(791,159,407,1200.0000),(792,159,382,300.0000),(793,159,479,100.0000),(794,159,145,4.0000),(795,159,497,6.0000),(796,159,512,1000.0000),(797,160,143,18.0000),(798,160,497,18.0000),(799,160,381,250.0000),(800,160,384,2.0000),(801,160,245,5.0000),(802,160,56,10.0000),(803,160,398,150.0000),(804,161,282,100.0000),(805,161,283,100.0000),(806,161,398,300.0000),(807,161,382,450.0000),(808,161,497,9.0000),(809,161,56,4.0000),(810,161,245,2.0000),(811,161,380,4.0000),(812,162,497,3.0000),(813,162,245,2.0000),(814,162,331,40.0000),(815,163,513,100.0000),(816,163,283,100.0000),(817,163,369,100.0000),(818,164,384,4.0000),(819,165,458,1.0000),(821,165,457,1.0000),(822,166,459,1.0000),(823,167,501,1.0000),(824,166,511,2.0000),(825,167,505,1.0000),(826,167,503,1.0000),(827,167,504,1.0000),(828,168,238,10.0000),(829,168,473,10.0000),(830,168,499,50.0000),(831,169,502,200.0000),(832,169,463,30.0000),(833,170,510,600.0000),(834,171,467,40.0000),(835,171,469,2.0000),(836,171,482,5.0000),(837,171,514,100.0000),(838,172,506,1.0000),(839,172,507,1.0000),(840,172,508,1.0000),(841,172,509,2000.0000),(842,173,466,40.0000),(843,174,213,4.0000),(844,174,217,1.0000),(845,175,478,33.0000),(846,175,274,1.0000),(847,176,483,1.0000),(848,176,78,1.0000),(849,177,471,1.0000),(850,177,101,1.0000),(851,177,370,75.0000),(852,177,388,550.0000),(853,177,326,1380.0000),(854,177,268,130.0000),(855,177,435,89.0000),(856,177,44,300.0000),(857,177,75,200.0000),(858,177,515,6.0000),(859,178,468,197.0000),(860,178,39,30.0000),(861,178,461,70.0000),(862,178,438,25.0000),(863,178,114,15.0000),(864,178,470,70.0000),(866,178,388,375.0000),(867,178,44,100.0000),(868,178,435,1500.0000),(869,178,460,800.0000),(870,178,217,3.0000),(871,178,273,12.0000),(872,178,274,1.0000),(873,178,441,3.0000),(874,178,516,2.0000),(875,179,388,75.0000),(876,179,474,700.0000),(877,179,480,200.0000),(878,179,31,5.0000),(879,179,432,10.0000),(880,179,474,125.0000),(881,179,217,3.0000),(882,179,517,8.0000),(883,182,518,1.0000);
/*!40000 ALTER TABLE `checkout_record` ENABLE KEYS */;
UNLOCK TABLES;

--
-- Table structure for table `inventory_contract`
--

DROP TABLE IF EXISTS `inventory_contract`;
/*!40101 SET @saved_cs_client     = @@character_set_client */;
/*!50503 SET character_set_client = utf8mb4 */;
CREATE TABLE `inventory_contract` (
  `id` int(11) NOT NULL AUTO_INCREMENT,
  `id_admin` int(11) NOT NULL,
  `name_sign` varchar(100) DEFAULT NULL,
  `time_create` datetime NOT NULL,
  `photo_urls` varchar(1000) DEFAULT NULL,
  `comment` varchar(1000) DEFAULT NULL,
  `time_start` datetime DEFAULT NULL,
  `time_end` datetime DEFAULT NULL,
  PRIMARY KEY (`id`)
) ENGINE=InnoDB AUTO_INCREMENT=27 DEFAULT CHARSET=utf8mb4 COLLATE=utf8mb4_0900_ai_ci;
/*!40101 SET character_set_client = @saved_cs_client */;

--
-- Dumping data for table `inventory_contract`
--

LOCK TABLES `inventory_contract` WRITE;
/*!40000 ALTER TABLE `inventory_contract` DISABLE KEYS */;
INSERT INTO `inventory_contract` VALUES (13,23,'吴敏','2020-07-07 11:25:20','','','2020-06-20 00:00:00','2020-06-30 00:00:00'),(24,23,'吴敏','2021-03-08 10:03:52','','','2020-06-30 00:00:00','2020-12-31 00:00:00'),(25,23,'吴敏','2021-03-08 10:06:04','','','2020-12-31 00:00:00','2021-01-01 00:00:00'),(26,23,'吴敏','2021-03-09 08:59:42','','','2021-01-01 00:00:00','2021-01-02 00:00:00');
/*!40000 ALTER TABLE `inventory_contract` ENABLE KEYS */;
UNLOCK TABLES;

--
-- Table structure for table `inventory_record`
--

DROP TABLE IF EXISTS `inventory_record`;
/*!40101 SET @saved_cs_client     = @@character_set_client */;
/*!50503 SET character_set_client = utf8mb4 */;
CREATE TABLE `inventory_record` (
  `id` int(10) unsigned NOT NULL AUTO_INCREMENT,
  `id_contract` int(11) NOT NULL,
  `id_goods` int(11) NOT NULL,
  `amount_real` decimal(12,4) NOT NULL,
  `amount_stock` decimal(12,4) DEFAULT NULL,
  `amount_fill` decimal(12,4) DEFAULT NULL,
  PRIMARY KEY (`id`),
  UNIQUE KEY `id_UNIQUE` (`id`)
) ENGINE=InnoDB AUTO_INCREMENT=3209 DEFAULT CHARSET=utf8mb4 COLLATE=utf8mb4_0900_ai_ci;
/*!40101 SET character_set_client = @saved_cs_client */;

--
-- Dumping data for table `inventory_record`
--

LOCK TABLES `inventory_record` WRITE;
/*!40000 ALTER TABLE `inventory_record` DISABLE KEYS */;
INSERT INTO `inventory_record` VALUES (15,6,5,0.0000,0.0000,NULL),(16,6,6,0.0000,0.0000,NULL),(17,6,7,0.0000,0.0000,NULL),(18,6,8,0.0000,0.0000,NULL),(19,6,9,0.0000,0.0000,NULL),(20,6,10,0.0000,0.0000,NULL),(21,6,11,0.0000,0.0000,NULL),(22,6,12,0.0000,0.0000,NULL),(23,6,13,0.0000,0.0000,NULL),(24,6,14,0.0000,0.0000,NULL),(25,6,15,0.0000,0.0000,NULL),(26,6,16,99.0000,100.0000,NULL),(27,6,17,150.0000,140.0000,NULL),(28,7,17,0.0000,0.0000,NULL),(29,7,16,0.0000,0.0000,NULL),(30,7,15,0.0000,0.0000,NULL),(31,7,14,0.0000,0.0000,NULL),(32,7,13,0.0000,0.0000,NULL),(33,7,12,0.0000,0.0000,NULL),(34,7,11,0.0000,0.0000,NULL),(35,7,10,0.0000,0.0000,NULL),(36,7,9,0.0000,0.0000,NULL),(37,7,7,9.0000,9.0000,NULL),(38,7,6,70.0000,0.0000,NULL),(39,7,5,5.0000,0.0000,NULL),(40,8,120,0.0000,0.0000,NULL),(41,8,119,0.0000,0.0000,NULL),(42,8,118,0.0000,0.0000,NULL),(43,8,117,0.0000,0.0000,NULL),(44,8,116,0.0000,0.0000,NULL),(45,8,115,0.0000,0.0000,NULL),(46,8,114,0.0000,0.0000,NULL),(47,8,113,0.0000,0.0000,NULL),(48,8,112,0.0000,0.0000,NULL),(49,8,111,0.0000,0.0000,NULL),(50,8,110,0.0000,0.0000,NULL),(51,8,109,0.0000,0.0000,NULL),(52,8,108,0.0000,0.0000,NULL),(53,8,107,0.0000,0.0000,NULL),(54,8,106,0.0000,0.0000,NULL),(55,8,105,0.0000,0.0000,NULL),(56,8,104,0.0000,0.0000,NULL),(57,8,103,0.0000,0.0000,NULL),(58,8,102,0.0000,0.0000,NULL),(59,8,101,0.0000,0.0000,NULL),(60,8,100,0.0000,0.0000,NULL),(61,8,99,0.0000,0.0000,NULL),(62,8,98,0.0000,0.0000,NULL),(63,8,97,0.0000,0.0000,NULL),(64,8,96,0.0000,0.0000,NULL),(65,8,95,0.0000,0.0000,NULL),(66,8,94,0.0000,0.0000,NULL),(67,8,93,0.0000,0.0000,NULL),(68,8,92,0.0000,0.0000,NULL),(69,8,91,0.0000,0.0000,NULL),(70,8,90,0.0000,0.0000,NULL),(71,8,89,0.0000,0.0000,NULL),(72,8,88,0.0000,0.0000,NULL),(73,8,87,0.0000,0.0000,NULL),(74,8,86,0.0000,0.0000,NULL),(75,8,85,0.0000,0.0000,NULL),(76,8,84,0.0000,0.0000,NULL),(77,8,83,0.0000,0.0000,NULL),(78,8,82,0.0000,0.0000,NULL),(79,8,81,0.0000,0.0000,NULL),(80,8,80,0.0000,0.0000,NULL),(81,8,79,0.0000,0.0000,NULL),(82,8,78,0.0000,0.0000,NULL),(83,8,77,0.0000,0.0000,NULL),(84,8,76,0.0000,0.0000,NULL),(85,8,75,0.0000,0.0000,NULL),(86,8,74,0.0000,0.0000,NULL),(87,8,73,0.0000,0.0000,NULL),(88,8,72,0.0000,0.0000,NULL),(89,8,71,0.0000,0.0000,NULL),(90,8,70,0.0000,0.0000,NULL),(91,8,69,0.0000,0.0000,NULL),(92,8,68,0.0000,0.0000,NULL),(93,8,67,0.0000,0.0000,NULL),(94,8,66,0.0000,0.0000,NULL),(95,8,65,0.0000,0.0000,NULL),(96,8,64,0.0000,0.0000,NULL),(97,8,63,0.0000,0.0000,NULL),(98,8,62,0.0000,0.0000,NULL),(99,8,61,0.0000,0.0000,NULL),(100,8,60,0.0000,0.0000,NULL),(101,8,59,0.0000,0.0000,NULL),(102,8,58,0.0000,0.0000,NULL),(103,8,57,0.0000,0.0000,NULL),(104,8,56,0.0000,0.0000,NULL),(105,8,55,0.0000,0.0000,NULL),(106,8,54,0.0000,0.0000,NULL),(107,8,53,0.0000,0.0000,NULL),(108,8,52,0.0000,0.0000,NULL),(109,8,51,0.0000,0.0000,NULL),(110,8,50,0.0000,0.0000,NULL),(111,8,49,0.0000,0.0000,NULL),(112,8,48,0.0000,0.0000,NULL),(113,8,47,0.0000,0.0000,NULL),(114,8,46,0.0000,0.0000,NULL),(115,8,45,0.0000,0.0000,NULL),(116,8,44,0.0000,0.0000,NULL),(117,8,43,0.0000,0.0000,NULL),(118,8,42,0.0000,0.0000,NULL),(119,8,41,0.0000,0.0000,NULL),(120,8,40,0.0000,0.0000,NULL),(121,8,39,0.0000,0.0000,NULL),(122,8,38,0.0000,0.0000,NULL),(123,8,37,0.0000,0.0000,NULL),(124,8,36,0.0000,0.0000,NULL),(125,8,35,0.0000,0.0000,NULL),(126,8,34,0.0000,0.0000,NULL),(127,8,33,0.0000,0.0000,NULL),(128,8,32,0.0000,0.0000,NULL),(129,8,31,0.0000,0.0000,NULL),(130,8,30,0.0000,0.0000,NULL),(131,8,29,0.0000,0.0000,NULL),(132,8,28,0.0000,0.0000,NULL),(133,8,27,0.0000,0.0000,NULL),(134,8,26,0.0000,0.0000,NULL),(135,8,25,0.0000,0.0000,NULL),(136,8,24,0.0000,0.0000,NULL),(137,8,23,0.0000,0.0000,NULL),(138,8,22,0.0000,0.0000,NULL),(139,8,21,0.0000,0.0000,NULL),(140,8,20,0.0000,0.0000,NULL),(141,8,19,0.0000,0.0000,NULL),(142,8,18,0.0000,0.0000,NULL),(143,8,17,0.0000,0.0000,NULL),(144,8,16,0.0000,0.0000,NULL),(145,8,15,0.0000,0.0000,NULL),(146,8,14,0.0000,0.0000,NULL),(147,8,13,0.0000,0.0000,NULL),(148,8,12,0.0000,0.0000,NULL),(149,8,11,0.0000,0.0000,NULL),(150,8,10,0.0000,0.0000,NULL),(151,8,9,0.0000,0.0000,NULL),(152,8,7,0.0000,0.0000,NULL),(153,9,190,0.0000,0.0000,NULL),(154,9,189,0.0000,0.0000,NULL),(155,9,188,0.0000,0.0000,NULL),(156,9,187,0.0000,0.0000,NULL),(157,9,186,0.0000,0.0000,NULL),(158,9,185,0.0000,0.0000,NULL),(159,9,184,0.0000,0.0000,NULL),(160,9,183,0.0000,0.0000,NULL),(161,9,182,0.0000,0.0000,NULL),(162,9,177,0.0000,0.0000,NULL),(163,9,145,0.0000,0.0000,NULL),(164,9,143,0.0000,0.0000,NULL),(165,9,141,0.0000,0.0000,NULL),(166,9,140,0.0000,0.0000,NULL),(167,9,138,0.0000,0.0000,NULL),(168,9,135,0.0000,0.0000,NULL),(169,9,134,0.0000,0.0000,NULL),(170,9,133,0.0000,0.0000,NULL),(171,9,132,0.0000,0.0000,NULL),(172,9,131,0.0000,0.0000,NULL),(173,9,130,0.0000,0.0000,NULL),(174,9,128,0.0000,0.0000,NULL),(175,9,127,0.0000,0.0000,NULL),(176,9,126,0.0000,0.0000,NULL),(177,9,122,0.0000,0.0000,NULL),(178,9,121,0.0000,0.0000,NULL),(179,9,120,0.0000,0.0000,NULL),(180,9,118,0.0000,0.0000,NULL),(181,9,114,0.0000,0.0000,NULL),(182,9,113,0.0000,0.0000,NULL),(183,9,112,0.0000,0.0000,NULL),(184,9,111,0.0000,0.0000,NULL),(185,9,107,0.0000,0.0000,NULL),(186,9,106,0.0000,0.0000,NULL),(187,9,105,0.0000,0.0000,NULL),(188,9,104,0.0000,0.0000,NULL),(189,9,103,0.0000,0.0000,NULL),(190,9,102,0.0000,0.0000,NULL),(191,9,101,0.0000,0.0000,NULL),(192,9,100,0.0000,0.0000,NULL),(193,9,99,0.0000,0.0000,NULL),(194,9,98,0.0000,0.0000,NULL),(195,9,97,0.0000,0.0000,NULL),(196,9,96,0.0000,0.0000,NULL),(197,9,95,0.0000,0.0000,NULL),(198,9,94,0.0000,0.0000,NULL),(199,9,93,0.0000,0.0000,NULL),(200,9,92,0.0000,0.0000,NULL),(201,9,89,0.0000,0.0000,NULL),(202,9,88,0.0000,0.0000,NULL),(203,9,87,0.0000,0.0000,NULL),(204,9,86,0.0000,0.0000,NULL),(205,9,85,0.0000,0.0000,NULL),(206,9,84,0.0000,0.0000,NULL),(207,9,83,0.0000,0.0000,NULL),(208,9,82,0.0000,0.0000,NULL),(209,9,81,0.0000,0.0000,NULL),(210,9,80,0.0000,0.0000,NULL),(211,9,79,0.0000,0.0000,NULL),(212,9,78,0.0000,0.0000,NULL),(213,9,77,0.0000,0.0000,NULL),(214,9,76,0.0000,0.0000,NULL),(215,9,75,0.0000,0.0000,NULL),(216,9,74,0.0000,0.0000,NULL),(217,9,73,0.0000,0.0000,NULL),(218,9,71,0.0000,0.0000,NULL),(219,9,70,0.0000,0.0000,NULL),(220,9,69,0.0000,0.0000,NULL),(221,9,68,0.0000,0.0000,NULL),(222,9,66,0.0000,0.0000,NULL),(223,9,65,0.0000,0.0000,NULL),(224,9,64,0.0000,0.0000,NULL),(225,9,62,0.0000,0.0000,NULL),(226,9,61,0.0000,0.0000,NULL),(227,9,60,0.0000,0.0000,NULL),(228,9,59,0.0000,0.0000,NULL),(229,9,56,0.0000,0.0000,NULL),(230,9,53,0.0000,0.0000,NULL),(231,9,52,0.0000,0.0000,NULL),(232,9,51,0.0000,0.0000,NULL),(233,9,50,0.0000,0.0000,NULL),(234,9,49,0.0000,0.0000,NULL),(235,9,48,0.0000,0.0000,NULL),(236,9,46,0.0000,0.0000,NULL),(237,9,45,0.0000,0.0000,NULL),(238,9,44,0.0000,0.0000,NULL),(239,9,42,0.0000,0.0000,NULL),(240,9,41,0.0000,0.0000,NULL),(241,9,38,0.0000,0.0000,NULL),(242,9,37,0.0000,0.0000,NULL),(243,9,36,0.0000,0.0000,NULL),(244,9,34,0.0000,0.0000,NULL),(245,9,33,0.0000,0.0000,NULL),(246,9,32,0.0000,0.0000,NULL),(247,9,31,0.0000,0.0000,NULL),(248,9,30,0.0000,0.0000,NULL),(249,9,29,0.0000,0.0000,NULL),(250,9,28,0.0000,0.0000,NULL),(251,9,25,0.0000,0.0000,NULL),(252,9,24,0.0000,0.0000,NULL),(253,9,23,0.0000,0.0000,NULL),(254,9,22,0.0000,0.0000,NULL),(255,9,19,0.0000,0.0000,NULL),(256,9,18,0.0000,0.0000,NULL),(257,9,17,0.0000,0.0000,NULL),(258,9,16,0.0000,0.0000,NULL),(259,9,14,0.0000,0.0000,NULL),(260,9,13,0.0000,0.0000,NULL),(261,9,12,0.0000,0.0000,NULL),(262,9,11,0.0000,0.0000,NULL),(263,9,10,0.0000,0.0000,NULL),(264,9,9,0.0000,0.0000,NULL),(265,9,7,0.0000,0.0000,NULL),(266,10,190,0.0000,0.0000,NULL),(267,10,189,0.0000,0.0000,NULL),(268,10,188,0.0000,0.0000,NULL),(269,10,187,0.0000,0.0000,NULL),(270,10,184,0.0000,0.0000,NULL),(271,10,182,0.0000,0.0000,NULL),(272,10,177,0.0000,0.0000,NULL),(273,10,145,0.0000,0.0000,NULL),(274,10,143,0.0000,0.0000,NULL),(275,10,141,0.0000,0.0000,NULL),(276,10,140,0.0000,0.0000,NULL),(277,10,138,0.0000,0.0000,NULL),(278,10,135,0.0000,0.0000,NULL),(279,10,134,0.0000,0.0000,NULL),(280,10,133,0.0000,0.0000,NULL),(281,10,132,0.0000,0.0000,NULL),(282,10,131,0.0000,0.0000,NULL),(283,10,130,0.0000,0.0000,NULL),(284,10,128,0.0000,0.0000,NULL),(285,10,127,0.0000,0.0000,NULL),(286,10,126,0.0000,0.0000,NULL),(287,10,122,0.0000,0.0000,NULL),(288,10,121,0.0000,0.0000,NULL),(289,10,120,0.0000,0.0000,NULL),(290,10,118,0.0000,0.0000,NULL),(291,10,114,0.0000,0.0000,NULL),(292,10,113,0.0000,0.0000,NULL),(293,10,112,0.0000,0.0000,NULL),(294,10,111,0.0000,0.0000,NULL),(295,10,107,0.0000,0.0000,NULL),(296,10,106,0.0000,0.0000,NULL),(297,10,105,0.0000,0.0000,NULL),(298,10,104,0.0000,0.0000,NULL),(299,10,103,0.0000,0.0000,NULL),(300,10,102,0.0000,0.0000,NULL),(301,10,101,0.0000,0.0000,NULL),(302,10,100,0.0000,0.0000,NULL),(303,10,99,0.0000,0.0000,NULL),(304,10,98,0.0000,0.0000,NULL),(305,10,96,0.0000,0.0000,NULL),(306,10,95,0.0000,0.0000,NULL),(307,10,94,0.0000,0.0000,NULL),(308,10,93,0.0000,0.0000,NULL),(309,10,92,0.0000,0.0000,NULL),(310,10,89,0.0000,0.0000,NULL),(311,10,88,0.0000,0.0000,NULL),(312,10,87,0.0000,0.0000,NULL),(313,10,86,0.0000,0.0000,NULL),(314,10,85,0.0000,0.0000,NULL),(315,10,84,0.0000,0.0000,NULL),(316,10,83,0.0000,0.0000,NULL),(317,10,82,0.0000,0.0000,NULL),(318,10,81,0.0000,0.0000,NULL),(319,10,80,0.0000,0.0000,NULL),(320,10,79,0.0000,0.0000,NULL),(321,10,78,0.0000,0.0000,NULL),(322,10,77,0.0000,0.0000,NULL),(323,10,76,0.0000,0.0000,NULL),(324,10,75,0.0000,0.0000,NULL),(325,10,74,0.0000,0.0000,NULL),(326,10,73,0.0000,0.0000,NULL),(327,10,71,0.0000,0.0000,NULL),(328,10,70,0.0000,0.0000,NULL),(329,10,69,0.0000,0.0000,NULL),(330,10,68,0.0000,0.0000,NULL),(331,10,66,0.0000,0.0000,NULL),(332,10,65,0.0000,0.0000,NULL),(333,10,64,0.0000,0.0000,NULL),(334,10,62,0.0000,0.0000,NULL),(335,10,61,0.0000,0.0000,NULL),(336,10,60,0.0000,0.0000,NULL),(337,10,59,0.0000,0.0000,NULL),(338,10,56,0.0000,0.0000,NULL),(339,10,53,0.0000,0.0000,NULL),(340,10,52,0.0000,0.0000,NULL),(341,10,51,0.0000,0.0000,NULL),(342,10,50,0.0000,0.0000,NULL),(343,10,49,0.0000,0.0000,NULL),(344,10,46,0.0000,0.0000,NULL),(345,10,44,0.0000,0.0000,NULL),(346,10,42,0.0000,0.0000,NULL),(347,10,41,0.0000,0.0000,NULL),(348,10,38,0.0000,0.0000,NULL),(349,10,37,0.0000,0.0000,NULL),(350,10,36,0.0000,0.0000,NULL),(351,10,34,0.0000,0.0000,NULL),(352,10,33,0.0000,0.0000,NULL),(353,10,31,0.0000,0.0000,NULL),(354,10,30,0.0000,0.0000,NULL),(355,10,29,0.0000,0.0000,NULL),(356,10,28,0.0000,0.0000,NULL),(357,10,25,0.0000,0.0000,NULL),(358,10,24,0.0000,0.0000,NULL),(359,10,23,0.0000,0.0000,NULL),(360,10,22,0.0000,0.0000,NULL),(361,10,19,0.0000,0.0000,NULL),(362,10,18,0.0000,0.0000,NULL),(363,10,17,0.0000,0.0000,NULL),(364,10,16,0.0000,0.0000,NULL),(365,10,14,0.0000,0.0000,NULL),(366,10,13,0.0000,0.0000,NULL),(367,10,12,0.0000,0.0000,NULL),(368,10,11,0.0000,0.0000,NULL),(369,10,10,0.0000,0.0000,NULL),(370,10,9,0.0000,0.0000,NULL),(371,10,7,0.0000,0.0000,NULL),(372,11,283,500.0000,500.0000,NULL),(373,11,282,0.0000,0.0000,NULL),(374,11,281,0.0000,0.0000,NULL),(375,11,280,0.0000,0.0000,NULL),(376,11,279,100.0000,100.0000,NULL),(377,11,278,750.0000,750.0000,NULL),(378,11,277,500.0000,500.0000,NULL),(379,11,276,900.0000,900.0000,NULL),(380,11,275,0.0000,0.0000,NULL),(381,11,274,25.0000,25.0000,NULL),(382,11,273,0.0000,0.0000,NULL),(383,11,272,0.0000,0.0000,NULL),(384,11,270,400.0000,400.0000,NULL),(385,11,269,0.0000,0.0000,NULL),(386,11,268,1900.0000,1900.0000,NULL),(387,11,267,0.0000,0.0000,NULL),(388,11,266,50.0000,50.0000,NULL),(389,11,265,100.0000,100.0000,NULL),(390,11,264,100.0000,100.0000,NULL),(391,11,263,50.0000,50.0000,NULL),(392,11,262,0.0000,0.0000,NULL),(393,11,261,0.0000,0.0000,NULL),(394,11,260,0.0000,0.0000,NULL),(395,11,246,0.0000,0.0000,NULL),(396,11,245,24.0000,24.0000,NULL),(397,11,241,0.0000,0.0000,NULL),(398,11,238,0.0000,0.0000,NULL),(399,11,229,0.0000,0.0000,NULL),(400,11,228,0.0000,0.0000,NULL),(401,11,226,0.0000,0.0000,NULL),(402,11,223,0.0000,0.0000,NULL),(403,11,220,0.0000,0.0000,NULL),(404,11,219,0.0000,0.0000,NULL),(405,11,217,7.0000,7.0000,NULL),(406,11,216,0.0000,0.0000,NULL),(407,11,215,100.0000,100.0000,NULL),(408,11,214,0.0000,0.0000,NULL),(409,11,213,0.0000,0.0000,NULL),(410,11,211,0.0000,0.0000,NULL),(411,11,210,800.0000,800.0000,NULL),(412,11,208,0.0000,0.0000,NULL),(413,11,205,0.0000,0.0000,NULL),(414,11,204,0.0000,0.0000,NULL),(415,11,201,0.0000,0.0000,NULL),(416,11,200,1300.0000,1300.0000,NULL),(417,11,190,0.0000,0.0000,NULL),(418,11,188,10.0000,10.0000,NULL),(419,11,187,0.0000,0.0000,NULL),(420,11,184,100.0000,100.0000,NULL),(421,11,182,0.0000,0.0000,NULL),(422,11,145,0.0000,0.0000,NULL),(423,11,143,77.0000,77.0000,NULL),(424,11,141,0.0000,0.0000,NULL),(425,11,140,0.0000,0.0000,NULL),(426,11,138,5.0000,5.0000,NULL),(427,11,134,0.0000,0.0000,NULL),(428,11,133,0.0000,0.0000,NULL),(429,11,132,0.0000,0.0000,NULL),(430,11,131,0.0000,0.0000,NULL),(431,11,130,70.0000,70.0000,NULL),(432,11,127,0.0000,0.0000,NULL),(433,11,126,0.0000,0.0000,NULL),(434,11,122,40.0000,40.0000,NULL),(435,11,121,0.0000,0.0000,NULL),(436,11,120,0.0000,0.0000,NULL),(437,11,114,300.0000,300.0000,NULL),(438,11,113,3.0000,3.0000,NULL),(439,11,107,0.0000,0.0000,NULL),(440,11,106,0.0000,0.0000,NULL),(441,11,105,29.0000,29.0000,NULL),(442,11,103,0.0000,0.0000,NULL),(443,11,102,0.0000,0.0000,NULL),(444,11,101,0.0000,0.0000,NULL),(445,11,100,0.0000,0.0000,NULL),(446,11,99,7.0000,7.0000,NULL),(447,11,98,2.0000,2.0000,NULL),(448,11,96,0.0000,0.0000,NULL),(449,11,95,0.0000,0.0000,NULL),(450,11,93,0.0000,0.0000,NULL),(451,11,92,0.0000,0.0000,NULL),(452,11,89,0.0000,0.0000,NULL),(453,11,87,40.0000,40.0000,NULL),(454,11,85,0.0000,0.0000,NULL),(455,11,84,0.0000,0.0000,NULL),(456,11,83,0.0000,0.0000,NULL),(457,11,82,0.0000,0.0000,NULL),(458,11,81,95.0000,95.0000,NULL),(459,11,80,0.0000,0.0000,NULL),(460,11,79,0.0000,0.0000,NULL),(461,11,78,8.0000,8.0000,NULL),(462,11,77,1.0000,1.0000,NULL),(463,11,76,1.0000,1.0000,NULL),(464,11,75,2400.0000,2400.0000,NULL),(465,11,74,1.0000,1.0000,NULL),(466,11,73,110.0000,110.0000,NULL),(467,11,71,2.0000,2.0000,NULL),(468,11,70,3.0000,3.0000,NULL),(469,11,69,0.0000,0.0000,NULL),(470,11,68,0.0000,0.0000,NULL),(471,11,66,7.0000,7.0000,NULL),(472,11,65,460.0000,460.0000,NULL),(473,11,64,0.0000,0.0000,NULL),(474,11,61,24.0000,24.0000,NULL),(475,11,60,12.0000,12.0000,NULL),(476,11,59,36.0000,36.0000,NULL),(477,11,56,43.0000,43.0000,NULL),(478,11,53,0.0000,0.0000,NULL),(479,11,52,2.0000,2.0000,NULL),(480,11,51,12.0000,12.0000,NULL),(481,11,50,0.0000,0.0000,NULL),(482,11,49,0.0000,0.0000,NULL),(483,11,46,7.0000,7.0000,NULL),(484,11,44,3700.0000,3700.0000,NULL),(485,11,42,175.0000,175.0000,NULL),(486,11,41,0.0000,0.0000,NULL),(487,11,38,0.0000,0.0000,NULL),(488,11,37,40.0000,40.0000,NULL),(489,11,36,0.0000,0.0000,NULL),(490,11,34,0.0000,0.0000,NULL),(491,11,33,0.0000,0.0000,NULL),(492,11,31,27.0000,27.0000,NULL),(493,11,30,0.0000,0.0000,NULL),(494,11,28,0.0000,0.0000,NULL),(495,11,25,0.0000,0.0000,NULL),(496,11,24,800.0000,800.0000,NULL),(497,11,22,0.0000,0.0000,NULL),(498,11,19,0.0000,0.0000,NULL),(499,11,18,0.0000,0.0000,NULL),(500,11,17,0.0000,0.0000,NULL),(501,11,16,11.0000,11.0000,NULL),(502,11,14,0.0000,0.0000,NULL),(503,11,13,0.0000,0.0000,NULL),(504,11,12,298.0000,298.0000,NULL),(505,11,11,0.0000,0.0000,NULL),(506,11,10,0.0000,0.0000,NULL),(507,11,9,0.0000,0.0000,NULL),(508,11,7,0.0000,0.0000,NULL),(509,12,320,0.0000,0.0000,NULL),(510,12,283,0.0000,0.0000,NULL),(511,12,282,0.0000,0.0000,NULL),(512,12,281,0.0000,0.0000,NULL),(513,12,280,0.0000,0.0000,NULL),(514,12,279,0.0000,0.0000,NULL),(515,12,278,0.0000,0.0000,NULL),(516,12,277,0.0000,0.0000,NULL),(517,12,276,0.0000,0.0000,NULL),(518,12,275,0.0000,0.0000,NULL),(519,12,274,0.0000,0.0000,NULL),(520,12,273,0.0000,0.0000,NULL),(521,12,272,0.0000,0.0000,NULL),(522,12,270,0.0000,0.0000,NULL),(523,12,269,0.0000,0.0000,NULL),(524,12,268,0.0000,0.0000,NULL),(525,12,267,0.0000,0.0000,NULL),(526,12,266,0.0000,0.0000,NULL),(527,12,265,0.0000,0.0000,NULL),(528,12,264,0.0000,0.0000,NULL),(529,12,263,0.0000,0.0000,NULL),(530,12,262,0.0000,0.0000,NULL),(531,12,261,0.0000,0.0000,NULL),(532,12,260,0.0000,0.0000,NULL),(533,12,246,0.0000,0.0000,NULL),(534,12,245,0.0000,0.0000,NULL),(535,12,241,0.0000,0.0000,NULL),(536,12,238,0.0000,0.0000,NULL),(537,12,229,0.0000,0.0000,NULL),(538,12,228,0.0000,0.0000,NULL),(539,12,226,0.0000,0.0000,NULL),(540,12,223,0.0000,0.0000,NULL),(541,12,220,0.0000,0.0000,NULL),(542,12,219,0.0000,0.0000,NULL),(543,12,217,0.0000,0.0000,NULL),(544,12,216,0.0000,0.0000,NULL),(545,12,215,0.0000,0.0000,NULL),(546,12,214,0.0000,0.0000,NULL),(547,12,213,0.0000,0.0000,NULL),(548,12,211,0.0000,0.0000,NULL),(549,12,210,0.0000,0.0000,NULL),(550,12,208,0.0000,0.0000,NULL),(551,12,205,0.0000,0.0000,NULL),(552,12,204,0.0000,0.0000,NULL),(553,12,201,0.0000,0.0000,NULL),(554,12,200,0.0000,0.0000,NULL),(555,12,190,0.0000,0.0000,NULL),(556,12,188,0.0000,0.0000,NULL),(557,12,187,0.0000,0.0000,NULL),(558,12,184,0.0000,0.0000,NULL),(559,12,182,0.0000,0.0000,NULL),(560,12,145,0.0000,0.0000,NULL),(561,12,143,0.0000,0.0000,NULL),(562,12,141,0.0000,0.0000,NULL),(563,12,140,0.0000,0.0000,NULL),(564,12,138,0.0000,0.0000,NULL),(565,12,134,0.0000,0.0000,NULL),(566,12,133,0.0000,0.0000,NULL),(567,12,132,0.0000,0.0000,NULL),(568,12,131,0.0000,0.0000,NULL),(569,12,130,0.0000,0.0000,NULL),(570,12,127,0.0000,0.0000,NULL),(571,12,126,0.0000,0.0000,NULL),(572,12,122,0.0000,0.0000,NULL),(573,12,121,0.0000,0.0000,NULL),(574,12,120,0.0000,0.0000,NULL),(575,12,114,0.0000,0.0000,NULL),(576,12,113,0.0000,0.0000,NULL),(577,12,107,0.0000,0.0000,NULL),(578,12,106,0.0000,0.0000,NULL),(579,12,105,0.0000,0.0000,NULL),(580,12,103,0.0000,0.0000,NULL),(581,12,102,0.0000,0.0000,NULL),(582,12,101,0.0000,0.0000,NULL),(583,12,100,0.0000,0.0000,NULL),(584,12,99,0.0000,0.0000,NULL),(585,12,98,0.0000,0.0000,NULL),(586,12,96,0.0000,0.0000,NULL),(587,12,95,0.0000,0.0000,NULL),(588,12,93,0.0000,0.0000,NULL),(589,12,92,0.0000,0.0000,NULL),(590,12,89,0.0000,0.0000,NULL),(591,12,87,0.0000,0.0000,NULL),(592,12,85,0.0000,0.0000,NULL),(593,12,84,0.0000,0.0000,NULL),(594,12,83,0.0000,0.0000,NULL),(595,12,82,0.0000,0.0000,NULL),(596,12,81,0.0000,0.0000,NULL),(597,12,80,0.0000,0.0000,NULL),(598,12,79,0.0000,0.0000,NULL),(599,12,78,0.0000,0.0000,NULL),(600,12,77,0.0000,0.0000,NULL),(601,12,76,0.0000,0.0000,NULL),(602,12,75,0.0000,0.0000,NULL),(603,12,74,0.0000,0.0000,NULL),(604,12,73,0.0000,0.0000,NULL),(605,12,71,0.0000,0.0000,NULL),(606,12,70,0.0000,0.0000,NULL),(607,12,69,0.0000,0.0000,NULL),(608,12,68,0.0000,0.0000,NULL),(609,12,66,0.0000,0.0000,NULL),(610,12,65,0.0000,0.0000,NULL),(611,12,64,0.0000,0.0000,NULL),(612,12,61,0.0000,0.0000,NULL),(613,12,60,0.0000,0.0000,NULL),(614,12,59,0.0000,0.0000,NULL),(615,12,56,0.0000,0.0000,NULL),(616,12,53,0.0000,0.0000,NULL),(617,12,52,0.0000,0.0000,NULL),(618,12,51,0.0000,0.0000,NULL),(619,12,50,0.0000,0.0000,NULL),(620,12,49,0.0000,0.0000,NULL),(621,12,46,0.0000,0.0000,NULL),(622,12,44,0.0000,0.0000,NULL),(623,12,42,0.0000,0.0000,NULL),(624,12,41,0.0000,0.0000,NULL),(625,12,38,0.0000,0.0000,NULL),(626,12,37,0.0000,0.0000,NULL),(627,12,36,0.0000,0.0000,NULL),(628,12,34,0.0000,0.0000,NULL),(629,12,33,0.0000,0.0000,NULL),(630,12,31,0.0000,0.0000,NULL),(631,12,30,0.0000,0.0000,NULL),(632,12,28,0.0000,0.0000,NULL),(633,12,25,0.0000,0.0000,NULL),(634,12,24,0.0000,0.0000,NULL),(635,12,22,0.0000,0.0000,NULL),(636,12,19,0.0000,0.0000,NULL),(637,12,18,0.0000,0.0000,NULL),(638,12,17,0.0000,0.0000,NULL),(639,12,16,0.0000,0.0000,NULL),(640,12,14,0.0000,0.0000,NULL),(641,12,13,0.0000,0.0000,NULL),(642,12,12,0.0000,0.0000,NULL),(643,12,11,0.0000,0.0000,NULL),(644,12,10,0.0000,0.0000,NULL),(645,12,9,0.0000,0.0000,NULL),(646,12,7,0.0000,0.0000,NULL),(647,13,344,6.0000,6.0000,NULL),(648,13,343,97.0000,97.0000,NULL),(649,13,342,24.0000,24.0000,NULL),(650,13,341,24.0000,24.0000,NULL),(651,13,340,50.0000,50.0000,NULL),(652,13,339,125.0000,125.0000,NULL),(653,13,338,1.0000,1.0000,NULL),(654,13,337,2.0000,2.0000,NULL),(655,13,336,1.0000,1.0000,NULL),(656,13,335,100.0000,100.0000,NULL),(657,13,334,50.0000,50.0000,NULL),(658,13,333,25.0000,25.0000,NULL),(659,13,332,2.0000,2.0000,NULL),(660,13,331,200.0000,200.0000,NULL),(661,13,330,16.0000,16.0000,NULL),(662,13,329,10.0000,10.0000,NULL),(663,13,328,2.0000,2.0000,NULL),(664,13,327,7.0000,7.0000,NULL),(665,13,326,5000.0000,5000.0000,NULL),(666,13,325,6.0000,6.0000,NULL),(667,13,324,33.0000,33.0000,NULL),(668,13,323,20.0000,20.0000,NULL),(669,13,322,175.0000,175.0000,NULL),(670,13,321,100.0000,100.0000,NULL),(671,13,320,0.0000,0.0000,NULL),(672,13,283,500.0000,500.0000,NULL),(673,13,282,0.0000,0.0000,NULL),(674,13,281,0.0000,0.0000,NULL),(675,13,280,0.0000,0.0000,NULL),(676,13,279,100.0000,100.0000,NULL),(677,13,278,750.0000,750.0000,NULL),(678,13,277,300.0000,300.0000,NULL),(679,13,276,900.0000,900.0000,NULL),(680,13,275,0.0000,0.0000,NULL),(681,13,274,25.0000,25.0000,NULL),(682,13,273,0.0000,0.0000,NULL),(683,13,272,0.0000,0.0000,NULL),(684,13,270,400.0000,400.0000,NULL),(685,13,269,0.0000,0.0000,NULL),(686,13,268,1900.0000,1900.0000,NULL),(687,13,267,0.0000,0.0000,NULL),(688,13,266,50.0000,50.0000,NULL),(689,13,265,100.0000,100.0000,NULL),(690,13,264,100.0000,100.0000,NULL),(691,13,263,50.0000,50.0000,NULL),(692,13,262,0.0000,0.0000,NULL),(693,13,261,0.0000,0.0000,NULL),(694,13,260,0.0000,0.0000,NULL),(695,13,246,0.0000,0.0000,NULL),(696,13,245,24.0000,24.0000,NULL),(697,13,241,0.0000,0.0000,NULL),(698,13,238,0.0000,0.0000,NULL),(699,13,229,0.0000,0.0000,NULL),(700,13,228,0.0000,0.0000,NULL),(701,13,226,0.0000,0.0000,NULL),(702,13,223,0.0000,0.0000,NULL),(703,13,220,0.0000,0.0000,NULL),(704,13,219,0.0000,0.0000,NULL),(705,13,217,0.0000,0.0000,NULL),(706,13,216,0.0000,0.0000,NULL),(707,13,215,100.0000,100.0000,NULL),(708,13,214,0.0000,0.0000,NULL),(709,13,213,0.0000,0.0000,NULL),(710,13,211,0.0000,0.0000,NULL),(711,13,210,800.0000,800.0000,NULL),(712,13,208,0.0000,0.0000,NULL),(713,13,205,0.0000,0.0000,NULL),(714,13,204,0.0000,0.0000,NULL),(715,13,201,0.0000,0.0000,NULL),(716,13,200,0.0000,0.0000,NULL),(717,13,190,0.0000,0.0000,NULL),(718,13,188,10.0000,10.0000,NULL),(719,13,187,0.0000,0.0000,NULL),(720,13,184,100.0000,100.0000,NULL),(721,13,182,0.0000,0.0000,NULL),(722,13,145,0.0000,0.0000,NULL),(723,13,143,77.0000,77.0000,NULL),(724,13,141,0.0000,0.0000,NULL),(725,13,140,0.0000,0.0000,NULL),(726,13,138,5.0000,5.0000,NULL),(727,13,134,0.0000,0.0000,NULL),(728,13,133,0.0000,0.0000,NULL),(729,13,132,0.0000,0.0000,NULL),(730,13,131,0.0000,0.0000,NULL),(731,13,130,70.0000,70.0000,NULL),(732,13,127,0.0000,0.0000,NULL),(733,13,126,0.0000,0.0000,NULL),(734,13,122,40.0000,40.0000,NULL),(735,13,121,0.0000,0.0000,NULL),(736,13,120,0.0000,0.0000,NULL),(737,13,114,300.0000,300.0000,NULL),(738,13,113,3.0000,3.0000,NULL),(739,13,107,0.0000,0.0000,NULL),(740,13,106,0.0000,0.0000,NULL),(741,13,105,29.0000,29.0000,NULL),(742,13,103,0.0000,0.0000,NULL),(743,13,102,0.0000,0.0000,NULL),(744,13,101,0.0000,0.0000,NULL),(745,13,100,0.0000,0.0000,NULL),(746,13,99,7.0000,7.0000,NULL),(747,13,98,2.0000,2.0000,NULL),(748,13,96,0.0000,0.0000,NULL),(749,13,95,0.0000,0.0000,NULL),(750,13,93,7.0000,7.0000,NULL),(751,13,92,0.0000,0.0000,NULL),(752,13,89,0.0000,0.0000,NULL),(753,13,87,40.0000,40.0000,NULL),(754,13,85,0.0000,0.0000,NULL),(755,13,84,0.0000,0.0000,NULL),(756,13,83,0.0000,0.0000,NULL),(757,13,82,0.0000,0.0000,NULL),(758,13,81,95.0000,95.0000,NULL),(759,13,80,0.0000,0.0000,NULL),(760,13,79,0.0000,0.0000,NULL),(761,13,78,8.0000,8.0000,NULL),(762,13,77,1.0000,1.0000,NULL),(763,13,76,1.0000,1.0000,NULL),(764,13,75,2400.0000,2400.0000,NULL),(765,13,74,1.0000,1.0000,NULL),(766,13,73,110.0000,110.0000,NULL),(767,13,71,2.0000,2.0000,NULL),(768,13,70,3.0000,3.0000,NULL),(769,13,69,0.0000,0.0000,NULL),(770,13,68,0.0000,0.0000,NULL),(771,13,66,7.0000,7.0000,NULL),(772,13,65,460.0000,460.0000,NULL),(773,13,64,0.0000,0.0000,NULL),(774,13,61,24.0000,24.0000,NULL),(775,13,60,12.0000,12.0000,NULL),(776,13,59,36.0000,36.0000,NULL),(777,13,56,43.0000,43.0000,NULL),(778,13,53,0.0000,0.0000,NULL),(779,13,52,2.0000,2.0000,NULL),(780,13,51,12.0000,12.0000,NULL),(781,13,50,0.0000,0.0000,NULL),(782,13,49,0.0000,0.0000,NULL),(783,13,46,7.0000,7.0000,NULL),(784,13,44,3700.0000,3700.0000,NULL),(785,13,42,175.0000,175.0000,NULL),(786,13,41,0.0000,0.0000,NULL),(787,13,38,0.0000,0.0000,NULL),(788,13,37,40.0000,40.0000,NULL),(789,13,36,0.0000,0.0000,NULL),(790,13,34,0.0000,0.0000,NULL),(791,13,33,0.0000,0.0000,NULL),(792,13,31,27.0000,27.0000,NULL),(793,13,30,0.0000,0.0000,NULL),(794,13,28,1300.0000,1300.0000,NULL),(795,13,25,0.0000,0.0000,NULL),(796,13,24,800.0000,800.0000,NULL),(797,13,22,0.0000,0.0000,NULL),(798,13,19,0.0000,0.0000,NULL),(799,13,18,0.0000,0.0000,NULL),(800,13,17,0.0000,0.0000,NULL),(801,13,16,11.0000,11.0000,NULL),(802,13,14,0.0000,0.0000,NULL),(803,13,13,0.0000,0.0000,NULL),(804,13,12,298.0000,298.0000,NULL),(805,13,11,0.0000,0.0000,NULL),(806,13,10,0.0000,0.0000,NULL),(807,13,9,0.0000,0.0000,NULL),(808,13,7,0.0000,0.0000,NULL),(809,14,354,0.0000,0.0000,NULL),(810,14,343,0.0000,0.0000,NULL),(811,14,341,0.0000,0.0000,NULL),(812,14,340,0.0000,0.0000,NULL),(813,14,339,0.0000,0.0000,NULL),(814,14,338,0.0000,0.0000,NULL),(815,14,337,0.0000,0.0000,NULL),(816,14,336,0.0000,0.0000,NULL),(817,14,334,0.0000,0.0000,NULL),(818,14,332,0.0000,0.0000,NULL),(819,14,331,0.0000,0.0000,NULL),(820,14,330,0.0000,0.0000,NULL),(821,14,329,0.0000,0.0000,NULL),(822,14,328,0.0000,0.0000,NULL),(823,14,327,0.0000,0.0000,NULL),(824,14,326,0.0000,0.0000,NULL),(825,14,325,0.0000,0.0000,NULL),(826,14,323,0.0000,0.0000,NULL),(827,14,322,0.0000,0.0000,NULL),(828,14,321,0.0000,0.0000,NULL),(829,14,320,0.0000,0.0000,NULL),(830,14,283,0.0000,0.0000,NULL),(831,14,282,0.0000,0.0000,NULL),(832,14,281,0.0000,0.0000,NULL),(833,14,280,0.0000,0.0000,NULL),(834,14,277,0.0000,0.0000,NULL),(835,14,276,0.0000,0.0000,NULL),(836,14,275,0.0000,0.0000,NULL),(837,14,274,0.0000,0.0000,NULL),(838,14,273,0.0000,0.0000,NULL),(839,14,272,0.0000,0.0000,NULL),(840,14,270,0.0000,0.0000,NULL),(841,14,269,0.0000,0.0000,NULL),(842,14,268,0.0000,0.0000,NULL),(843,14,267,0.0000,0.0000,NULL),(844,14,266,0.0000,0.0000,NULL),(845,14,265,0.0000,0.0000,NULL),(846,14,264,0.0000,0.0000,NULL),(847,14,263,0.0000,0.0000,NULL),(848,14,262,0.0000,0.0000,NULL),(849,14,261,0.0000,0.0000,NULL),(850,14,260,0.0000,0.0000,NULL),(851,14,246,0.0000,0.0000,NULL),(852,14,245,0.0000,0.0000,NULL),(853,14,238,0.0000,0.0000,NULL),(854,14,229,0.0000,0.0000,NULL),(855,14,228,0.0000,0.0000,NULL),(856,14,226,0.0000,0.0000,NULL),(857,14,223,0.0000,0.0000,NULL),(858,14,220,0.0000,0.0000,NULL),(859,14,219,0.0000,0.0000,NULL),(860,14,217,0.0000,0.0000,NULL),(861,14,216,0.0000,0.0000,NULL),(862,14,215,0.0000,0.0000,NULL),(863,14,214,0.0000,0.0000,NULL),(864,14,213,0.0000,0.0000,NULL),(865,14,211,0.0000,0.0000,NULL),(866,14,210,0.0000,0.0000,NULL),(867,14,208,0.0000,0.0000,NULL),(868,14,205,0.0000,0.0000,NULL),(869,14,204,0.0000,0.0000,NULL),(870,14,201,0.0000,0.0000,NULL),(871,14,190,0.0000,0.0000,NULL),(872,14,187,0.0000,0.0000,NULL),(873,14,184,0.0000,0.0000,NULL),(874,14,182,0.0000,0.0000,NULL),(875,14,145,0.0000,0.0000,NULL),(876,14,143,0.0000,0.0000,NULL),(877,14,141,0.0000,0.0000,NULL),(878,14,140,0.0000,0.0000,NULL),(879,14,138,0.0000,0.0000,NULL),(880,14,134,0.0000,0.0000,NULL),(881,14,133,0.0000,0.0000,NULL),(882,14,131,0.0000,0.0000,NULL),(883,14,130,0.0000,0.0000,NULL),(884,14,122,0.0000,0.0000,NULL),(885,14,121,0.0000,0.0000,NULL),(886,14,120,0.0000,0.0000,NULL),(887,14,114,0.0000,0.0000,NULL),(888,14,113,0.0000,0.0000,NULL),(889,14,107,0.0000,0.0000,NULL),(890,14,106,0.0000,0.0000,NULL),(891,14,105,0.0000,0.0000,NULL),(892,14,103,0.0000,0.0000,NULL),(893,14,102,0.0000,0.0000,NULL),(894,14,101,0.0000,0.0000,NULL),(895,14,100,0.0000,0.0000,NULL),(896,14,99,0.0000,0.0000,NULL),(897,14,98,0.0000,0.0000,NULL),(898,14,96,0.0000,0.0000,NULL),(899,14,95,0.0000,0.0000,NULL),(900,14,92,0.0000,0.0000,NULL),(901,14,89,0.0000,0.0000,NULL),(902,14,87,0.0000,0.0000,NULL),(903,14,85,0.0000,0.0000,NULL),(904,14,84,0.0000,0.0000,NULL),(905,14,83,0.0000,0.0000,NULL),(906,14,82,0.0000,0.0000,NULL),(907,14,81,0.0000,0.0000,NULL),(908,14,80,0.0000,0.0000,NULL),(909,14,79,0.0000,0.0000,NULL),(910,14,78,0.0000,0.0000,NULL),(911,14,77,0.0000,0.0000,NULL),(912,14,76,0.0000,0.0000,NULL),(913,14,75,0.0000,0.0000,NULL),(914,14,74,0.0000,0.0000,NULL),(915,14,73,0.0000,0.0000,NULL),(916,14,71,0.0000,0.0000,NULL),(917,14,70,0.0000,0.0000,NULL),(918,14,69,0.0000,0.0000,NULL),(919,14,68,0.0000,0.0000,NULL),(920,14,66,0.0000,0.0000,NULL),(921,14,65,0.0000,0.0000,NULL),(922,14,64,0.0000,0.0000,NULL),(923,14,61,0.0000,0.0000,NULL),(924,14,60,0.0000,0.0000,NULL),(925,14,59,0.0000,0.0000,NULL),(926,14,56,0.0000,0.0000,NULL),(927,14,53,0.0000,0.0000,NULL),(928,14,52,0.0000,0.0000,NULL),(929,14,51,0.0000,0.0000,NULL),(930,14,49,0.0000,0.0000,NULL),(931,14,46,0.0000,0.0000,NULL),(932,14,44,0.0000,0.0000,NULL),(933,14,42,0.0000,0.0000,NULL),(934,14,41,0.0000,0.0000,NULL),(935,14,38,0.0000,0.0000,NULL),(936,14,37,0.0000,0.0000,NULL),(937,14,36,0.0000,0.0000,NULL),(938,14,34,0.0000,0.0000,NULL),(939,14,33,0.0000,0.0000,NULL),(940,14,31,0.0000,0.0000,NULL),(941,14,30,0.0000,0.0000,NULL),(942,14,25,0.0000,0.0000,NULL),(943,14,22,0.0000,0.0000,NULL),(944,14,19,0.0000,0.0000,NULL),(945,14,18,0.0000,0.0000,NULL),(946,14,17,0.0000,0.0000,NULL),(947,14,16,0.0000,0.0000,NULL),(948,14,14,0.0000,0.0000,NULL),(949,14,13,0.0000,0.0000,NULL),(950,14,12,0.0000,0.0000,NULL),(951,14,11,0.0000,0.0000,NULL),(952,14,10,0.0000,0.0000,NULL),(953,14,9,0.0000,0.0000,NULL),(954,14,7,0.0000,0.0000,NULL),(955,15,354,0.0000,0.0000,NULL),(956,15,343,0.0000,0.0000,NULL),(957,15,341,0.0000,0.0000,NULL),(958,15,340,0.0000,0.0000,NULL),(959,15,339,0.0000,0.0000,NULL),(960,15,338,0.0000,0.0000,NULL),(961,15,337,0.0000,0.0000,NULL),(962,15,336,0.0000,0.0000,NULL),(963,15,334,0.0000,0.0000,NULL),(964,15,332,0.0000,0.0000,NULL),(965,15,331,0.0000,0.0000,NULL),(966,15,330,0.0000,0.0000,NULL),(967,15,329,0.0000,0.0000,NULL),(968,15,328,0.0000,0.0000,NULL),(969,15,327,0.0000,0.0000,NULL),(970,15,326,0.0000,0.0000,NULL),(971,15,325,0.0000,0.0000,NULL),(972,15,323,0.0000,0.0000,NULL),(973,15,322,0.0000,0.0000,NULL),(974,15,321,0.0000,0.0000,NULL),(975,15,320,0.0000,0.0000,NULL),(976,15,283,0.0000,0.0000,NULL),(977,15,282,0.0000,0.0000,NULL),(978,15,281,0.0000,0.0000,NULL),(979,15,280,0.0000,0.0000,NULL),(980,15,277,0.0000,0.0000,NULL),(981,15,276,0.0000,0.0000,NULL),(982,15,275,0.0000,0.0000,NULL),(983,15,274,0.0000,0.0000,NULL),(984,15,273,0.0000,0.0000,NULL),(985,15,272,0.0000,0.0000,NULL),(986,15,270,0.0000,0.0000,NULL),(987,15,269,0.0000,0.0000,NULL),(988,15,268,0.0000,0.0000,NULL),(989,15,267,0.0000,0.0000,NULL),(990,15,266,0.0000,0.0000,NULL),(991,15,265,0.0000,0.0000,NULL),(992,15,264,0.0000,0.0000,NULL),(993,15,263,0.0000,0.0000,NULL),(994,15,262,0.0000,0.0000,NULL),(995,15,261,0.0000,0.0000,NULL),(996,15,260,0.0000,0.0000,NULL),(997,15,246,0.0000,0.0000,NULL),(998,15,245,0.0000,0.0000,NULL),(999,15,238,0.0000,0.0000,NULL),(1000,15,229,0.0000,0.0000,NULL),(1001,15,228,0.0000,0.0000,NULL),(1002,15,226,0.0000,0.0000,NULL),(1003,15,223,0.0000,0.0000,NULL),(1004,15,220,0.0000,0.0000,NULL),(1005,15,219,0.0000,0.0000,NULL),(1006,15,217,0.0000,0.0000,NULL),(1007,15,216,0.0000,0.0000,NULL),(1008,15,215,0.0000,0.0000,NULL),(1009,15,214,0.0000,0.0000,NULL),(1010,15,213,0.0000,0.0000,NULL),(1011,15,211,0.0000,0.0000,NULL),(1012,15,210,0.0000,0.0000,NULL),(1013,15,208,0.0000,0.0000,NULL),(1014,15,205,0.0000,0.0000,NULL),(1015,15,204,0.0000,0.0000,NULL),(1016,15,201,0.0000,0.0000,NULL),(1017,15,190,0.0000,0.0000,NULL),(1018,15,187,0.0000,0.0000,NULL),(1019,15,184,0.0000,0.0000,NULL),(1020,15,182,0.0000,0.0000,NULL),(1021,15,145,0.0000,0.0000,NULL),(1022,15,143,0.0000,0.0000,NULL),(1023,15,141,0.0000,0.0000,NULL),(1024,15,140,0.0000,0.0000,NULL),(1025,15,138,0.0000,0.0000,NULL),(1026,15,134,0.0000,0.0000,NULL),(1027,15,133,0.0000,0.0000,NULL),(1028,15,131,0.0000,0.0000,NULL),(1029,15,130,0.0000,0.0000,NULL),(1030,15,122,0.0000,0.0000,NULL),(1031,15,121,0.0000,0.0000,NULL),(1032,15,120,0.0000,0.0000,NULL),(1033,15,114,0.0000,0.0000,NULL),(1034,15,113,0.0000,0.0000,NULL),(1035,15,107,0.0000,0.0000,NULL),(1036,15,106,0.0000,0.0000,NULL),(1037,15,105,0.0000,0.0000,NULL),(1038,15,103,0.0000,0.0000,NULL),(1039,15,102,0.0000,0.0000,NULL),(1040,15,101,0.0000,0.0000,NULL),(1041,15,100,0.0000,0.0000,NULL),(1042,15,99,0.0000,0.0000,NULL),(1043,15,98,0.0000,0.0000,NULL),(1044,15,96,0.0000,0.0000,NULL),(1045,15,95,0.0000,0.0000,NULL),(1046,15,92,0.0000,0.0000,NULL),(1047,15,89,0.0000,0.0000,NULL),(1048,15,87,0.0000,0.0000,NULL),(1049,15,85,0.0000,0.0000,NULL),(1050,15,84,0.0000,0.0000,NULL),(1051,15,83,0.0000,0.0000,NULL),(1052,15,82,0.0000,0.0000,NULL),(1053,15,81,0.0000,0.0000,NULL),(1054,15,80,0.0000,0.0000,NULL),(1055,15,79,0.0000,0.0000,NULL),(1056,15,78,0.0000,0.0000,NULL),(1057,15,77,0.0000,0.0000,NULL),(1058,15,76,0.0000,0.0000,NULL),(1059,15,75,0.0000,0.0000,NULL),(1060,15,74,0.0000,0.0000,NULL),(1061,15,73,0.0000,0.0000,NULL),(1062,15,71,0.0000,0.0000,NULL),(1063,15,70,0.0000,0.0000,NULL),(1064,15,69,0.0000,0.0000,NULL),(1065,15,68,0.0000,0.0000,NULL),(1066,15,66,0.0000,0.0000,NULL),(1067,15,65,0.0000,0.0000,NULL),(1068,15,64,0.0000,0.0000,NULL),(1069,15,61,0.0000,0.0000,NULL),(1070,15,60,0.0000,0.0000,NULL),(1071,15,59,0.0000,0.0000,NULL),(1072,15,56,0.0000,0.0000,NULL),(1073,15,53,0.0000,0.0000,NULL),(1074,15,52,0.0000,0.0000,NULL),(1075,15,51,0.0000,0.0000,NULL),(1076,15,49,0.0000,0.0000,NULL),(1077,15,46,0.0000,0.0000,NULL),(1078,15,44,0.0000,0.0000,NULL),(1079,15,42,0.0000,0.0000,NULL),(1080,15,41,0.0000,0.0000,NULL),(1081,15,38,0.0000,0.0000,NULL),(1082,15,37,0.0000,0.0000,NULL),(1083,15,36,0.0000,0.0000,NULL),(1084,15,34,0.0000,0.0000,NULL),(1085,15,33,0.0000,0.0000,NULL),(1086,15,31,0.0000,0.0000,NULL),(1087,15,30,0.0000,0.0000,NULL),(1088,15,25,0.0000,0.0000,NULL),(1089,15,22,0.0000,0.0000,NULL),(1090,15,19,0.0000,0.0000,NULL),(1091,15,18,0.0000,0.0000,NULL),(1092,15,17,0.0000,0.0000,NULL),(1093,15,16,0.0000,0.0000,NULL),(1094,15,14,0.0000,0.0000,NULL),(1095,15,13,0.0000,0.0000,NULL),(1096,15,12,0.0000,0.0000,NULL),(1097,15,11,0.0000,0.0000,NULL),(1098,15,10,0.0000,0.0000,NULL),(1099,15,9,0.0000,0.0000,NULL),(1100,15,7,0.0000,0.0000,NULL),(1101,16,354,0.0000,0.0000,NULL),(1102,16,343,0.0000,0.0000,NULL),(1103,16,341,0.0000,0.0000,NULL),(1104,16,340,0.0000,0.0000,NULL),(1105,16,339,0.0000,0.0000,NULL),(1106,16,338,0.0000,0.0000,NULL),(1107,16,337,0.0000,0.0000,NULL),(1108,16,336,0.0000,0.0000,NULL),(1109,16,334,0.0000,0.0000,NULL),(1110,16,332,0.0000,0.0000,NULL),(1111,16,331,0.0000,0.0000,NULL),(1112,16,330,0.0000,0.0000,NULL),(1113,16,329,0.0000,0.0000,NULL),(1114,16,328,0.0000,0.0000,NULL),(1115,16,327,0.0000,0.0000,NULL),(1116,16,326,0.0000,0.0000,NULL),(1117,16,325,0.0000,0.0000,NULL),(1118,16,323,0.0000,0.0000,NULL),(1119,16,322,0.0000,0.0000,NULL),(1120,16,321,0.0000,0.0000,NULL),(1121,16,320,0.0000,0.0000,NULL),(1122,16,283,0.0000,0.0000,NULL),(1123,16,282,0.0000,0.0000,NULL),(1124,16,281,0.0000,0.0000,NULL),(1125,16,280,0.0000,0.0000,NULL),(1126,16,277,0.0000,0.0000,NULL),(1127,16,276,0.0000,0.0000,NULL),(1128,16,275,0.0000,0.0000,NULL),(1129,16,274,0.0000,0.0000,NULL),(1130,16,273,0.0000,0.0000,NULL),(1131,16,272,0.0000,0.0000,NULL),(1132,16,270,0.0000,0.0000,NULL),(1133,16,269,0.0000,0.0000,NULL),(1134,16,268,0.0000,0.0000,NULL),(1135,16,267,0.0000,0.0000,NULL),(1136,16,266,0.0000,0.0000,NULL),(1137,16,265,0.0000,0.0000,NULL),(1138,16,264,0.0000,0.0000,NULL),(1139,16,263,0.0000,0.0000,NULL),(1140,16,262,0.0000,0.0000,NULL),(1141,16,261,0.0000,0.0000,NULL),(1142,16,260,0.0000,0.0000,NULL),(1143,16,246,0.0000,0.0000,NULL),(1144,16,245,0.0000,0.0000,NULL),(1145,16,238,0.0000,0.0000,NULL),(1146,16,229,0.0000,0.0000,NULL),(1147,16,228,0.0000,0.0000,NULL),(1148,16,226,0.0000,0.0000,NULL),(1149,16,223,0.0000,0.0000,NULL),(1150,16,220,0.0000,0.0000,NULL),(1151,16,219,0.0000,0.0000,NULL),(1152,16,217,0.0000,0.0000,NULL),(1153,16,216,0.0000,0.0000,NULL),(1154,16,215,0.0000,0.0000,NULL),(1155,16,214,0.0000,0.0000,NULL),(1156,16,213,0.0000,0.0000,NULL),(1157,16,211,0.0000,0.0000,NULL),(1158,16,210,0.0000,0.0000,NULL),(1159,16,208,0.0000,0.0000,NULL),(1160,16,205,0.0000,0.0000,NULL),(1161,16,204,0.0000,0.0000,NULL),(1162,16,201,0.0000,0.0000,NULL),(1163,16,190,0.0000,0.0000,NULL),(1164,16,187,0.0000,0.0000,NULL),(1165,16,184,0.0000,0.0000,NULL),(1166,16,182,0.0000,0.0000,NULL),(1167,16,145,0.0000,0.0000,NULL),(1168,16,143,0.0000,0.0000,NULL),(1169,16,141,0.0000,0.0000,NULL),(1170,16,140,0.0000,0.0000,NULL),(1171,16,138,0.0000,0.0000,NULL),(1172,16,134,0.0000,0.0000,NULL),(1173,16,133,0.0000,0.0000,NULL),(1174,16,131,0.0000,0.0000,NULL),(1175,16,130,0.0000,0.0000,NULL),(1176,16,122,0.0000,0.0000,NULL),(1177,16,121,0.0000,0.0000,NULL),(1178,16,120,0.0000,0.0000,NULL),(1179,16,114,0.0000,0.0000,NULL),(1180,16,113,0.0000,0.0000,NULL),(1181,16,107,0.0000,0.0000,NULL),(1182,16,106,0.0000,0.0000,NULL),(1183,16,105,0.0000,0.0000,NULL),(1184,16,103,0.0000,0.0000,NULL),(1185,16,102,0.0000,0.0000,NULL),(1186,16,101,0.0000,0.0000,NULL),(1187,16,100,0.0000,0.0000,NULL),(1188,16,99,0.0000,0.0000,NULL),(1189,16,98,0.0000,0.0000,NULL),(1190,16,96,0.0000,0.0000,NULL),(1191,16,95,0.0000,0.0000,NULL),(1192,16,92,0.0000,0.0000,NULL),(1193,16,89,0.0000,0.0000,NULL),(1194,16,87,0.0000,0.0000,NULL),(1195,16,85,0.0000,0.0000,NULL),(1196,16,84,0.0000,0.0000,NULL),(1197,16,83,0.0000,0.0000,NULL),(1198,16,82,0.0000,0.0000,NULL),(1199,16,81,0.0000,0.0000,NULL),(1200,16,80,0.0000,0.0000,NULL),(1201,16,79,0.0000,0.0000,NULL),(1202,16,78,0.0000,0.0000,NULL),(1203,16,77,0.0000,0.0000,NULL),(1204,16,76,0.0000,0.0000,NULL),(1205,16,75,0.0000,0.0000,NULL),(1206,16,74,0.0000,0.0000,NULL),(1207,16,73,0.0000,0.0000,NULL),(1208,16,71,0.0000,0.0000,NULL),(1209,16,70,0.0000,0.0000,NULL),(1210,16,69,0.0000,0.0000,NULL),(1211,16,68,0.0000,0.0000,NULL),(1212,16,66,0.0000,0.0000,NULL),(1213,16,65,0.0000,0.0000,NULL),(1214,16,64,0.0000,0.0000,NULL),(1215,16,61,0.0000,0.0000,NULL),(1216,16,60,0.0000,0.0000,NULL),(1217,16,59,0.0000,0.0000,NULL),(1218,16,56,0.0000,0.0000,NULL),(1219,16,53,0.0000,0.0000,NULL),(1220,16,52,0.0000,0.0000,NULL),(1221,16,51,0.0000,0.0000,NULL),(1222,16,49,0.0000,0.0000,NULL),(1223,16,46,0.0000,0.0000,NULL),(1224,16,44,0.0000,0.0000,NULL),(1225,16,42,0.0000,0.0000,NULL),(1226,16,41,0.0000,0.0000,NULL),(1227,16,38,0.0000,0.0000,NULL),(1228,16,37,0.0000,0.0000,NULL),(1229,16,36,0.0000,0.0000,NULL),(1230,16,34,0.0000,0.0000,NULL),(1231,16,33,0.0000,0.0000,NULL),(1232,16,31,0.0000,0.0000,NULL),(1233,16,30,0.0000,0.0000,NULL),(1234,16,25,0.0000,0.0000,NULL),(1235,16,22,0.0000,0.0000,NULL),(1236,16,19,0.0000,0.0000,NULL),(1237,16,18,0.0000,0.0000,NULL),(1238,16,17,0.0000,0.0000,NULL),(1239,16,16,0.0000,0.0000,NULL),(1240,16,14,0.0000,0.0000,NULL),(1241,16,13,0.0000,0.0000,NULL),(1242,16,12,0.0000,0.0000,NULL),(1243,16,11,0.0000,0.0000,NULL),(1244,16,10,0.0000,0.0000,NULL),(1245,16,9,0.0000,0.0000,NULL),(1246,16,7,0.0000,0.0000,NULL),(1247,17,354,0.0000,0.0000,NULL),(1248,17,343,0.0000,0.0000,NULL),(1249,17,341,0.0000,0.0000,NULL),(1250,17,340,0.0000,0.0000,NULL),(1251,17,339,0.0000,0.0000,NULL),(1252,17,338,0.0000,0.0000,NULL),(1253,17,337,0.0000,0.0000,NULL),(1254,17,336,0.0000,0.0000,NULL),(1255,17,334,0.0000,0.0000,NULL),(1256,17,331,0.0000,0.0000,NULL),(1257,17,330,0.0000,0.0000,NULL),(1258,17,329,0.0000,0.0000,NULL),(1259,17,328,0.0000,0.0000,NULL),(1260,17,327,0.0000,0.0000,NULL),(1261,17,326,0.0000,0.0000,NULL),(1262,17,325,0.0000,0.0000,NULL),(1263,17,323,0.0000,0.0000,NULL),(1264,17,322,0.0000,0.0000,NULL),(1265,17,321,0.0000,0.0000,NULL),(1266,17,320,0.0000,0.0000,NULL),(1267,17,283,0.0000,0.0000,NULL),(1268,17,282,0.0000,0.0000,NULL),(1269,17,281,0.0000,0.0000,NULL),(1270,17,280,0.0000,0.0000,NULL),(1271,17,277,0.0000,0.0000,NULL),(1272,17,276,0.0000,0.0000,NULL),(1273,17,275,0.0000,0.0000,NULL),(1274,17,274,0.0000,0.0000,NULL),(1275,17,273,0.0000,0.0000,NULL),(1276,17,272,0.0000,0.0000,NULL),(1277,17,270,0.0000,0.0000,NULL),(1278,17,269,0.0000,0.0000,NULL),(1279,17,268,0.0000,0.0000,NULL),(1280,17,267,0.0000,0.0000,NULL),(1281,17,266,0.0000,0.0000,NULL),(1282,17,265,0.0000,0.0000,NULL),(1283,17,264,0.0000,0.0000,NULL),(1284,17,263,0.0000,0.0000,NULL),(1285,17,262,0.0000,0.0000,NULL),(1286,17,261,0.0000,0.0000,NULL),(1287,17,260,0.0000,0.0000,NULL),(1288,17,245,0.0000,0.0000,NULL),(1289,17,238,0.0000,0.0000,NULL),(1290,17,229,0.0000,0.0000,NULL),(1291,17,228,0.0000,0.0000,NULL),(1292,17,226,0.0000,0.0000,NULL),(1293,17,223,0.0000,0.0000,NULL),(1294,17,220,0.0000,0.0000,NULL),(1295,17,219,0.0000,0.0000,NULL),(1296,17,217,0.0000,0.0000,NULL),(1297,17,214,0.0000,0.0000,NULL),(1298,17,213,0.0000,0.0000,NULL),(1299,17,211,0.0000,0.0000,NULL),(1300,17,210,0.0000,0.0000,NULL),(1301,17,208,0.0000,0.0000,NULL),(1302,17,205,0.0000,0.0000,NULL),(1303,17,204,0.0000,0.0000,NULL),(1304,17,201,0.0000,0.0000,NULL),(1305,17,190,0.0000,0.0000,NULL),(1306,17,184,0.0000,0.0000,NULL),(1307,17,182,0.0000,0.0000,NULL),(1308,17,145,0.0000,0.0000,NULL),(1309,17,143,0.0000,0.0000,NULL),(1310,17,141,0.0000,0.0000,NULL),(1311,17,140,0.0000,0.0000,NULL),(1312,17,138,0.0000,0.0000,NULL),(1313,17,134,0.0000,0.0000,NULL),(1314,17,133,0.0000,0.0000,NULL),(1315,17,131,0.0000,0.0000,NULL),(1316,17,130,0.0000,0.0000,NULL),(1317,17,122,0.0000,0.0000,NULL),(1318,17,121,0.0000,0.0000,NULL),(1319,17,120,0.0000,0.0000,NULL),(1320,17,114,0.0000,0.0000,NULL),(1321,17,113,0.0000,0.0000,NULL),(1322,17,107,0.0000,0.0000,NULL),(1323,17,106,0.0000,0.0000,NULL),(1324,17,105,0.0000,0.0000,NULL),(1325,17,103,0.0000,0.0000,NULL),(1326,17,102,0.0000,0.0000,NULL),(1327,17,101,0.0000,0.0000,NULL),(1328,17,100,0.0000,0.0000,NULL),(1329,17,99,0.0000,0.0000,NULL),(1330,17,98,0.0000,0.0000,NULL),(1331,17,96,0.0000,0.0000,NULL),(1332,17,95,0.0000,0.0000,NULL),(1333,17,92,0.0000,0.0000,NULL),(1334,17,89,0.0000,0.0000,NULL),(1335,17,87,0.0000,0.0000,NULL),(1336,17,85,0.0000,0.0000,NULL),(1337,17,84,0.0000,0.0000,NULL),(1338,17,83,0.0000,0.0000,NULL),(1339,17,82,0.0000,0.0000,NULL),(1340,17,81,0.0000,0.0000,NULL),(1341,17,80,0.0000,0.0000,NULL),(1342,17,79,0.0000,0.0000,NULL),(1343,17,78,0.0000,0.0000,NULL),(1344,17,77,0.0000,0.0000,NULL),(1345,17,76,0.0000,0.0000,NULL),(1346,17,75,0.0000,0.0000,NULL),(1347,17,74,0.0000,0.0000,NULL),(1348,17,73,0.0000,0.0000,NULL),(1349,17,71,0.0000,0.0000,NULL),(1350,17,70,0.0000,0.0000,NULL),(1351,17,69,0.0000,0.0000,NULL),(1352,17,68,0.0000,0.0000,NULL),(1353,17,66,0.0000,0.0000,NULL),(1354,17,65,0.0000,0.0000,NULL),(1355,17,64,0.0000,0.0000,NULL),(1356,17,61,0.0000,0.0000,NULL),(1357,17,60,0.0000,0.0000,NULL),(1358,17,59,0.0000,0.0000,NULL),(1359,17,56,0.0000,0.0000,NULL),(1360,17,53,0.0000,0.0000,NULL),(1361,17,51,0.0000,0.0000,NULL),(1362,17,46,0.0000,0.0000,NULL),(1363,17,44,0.0000,0.0000,NULL),(1364,17,42,0.0000,0.0000,NULL),(1365,17,41,0.0000,0.0000,NULL),(1366,17,38,0.0000,0.0000,NULL),(1367,17,37,0.0000,0.0000,NULL),(1368,17,36,0.0000,0.0000,NULL),(1369,17,34,0.0000,0.0000,NULL),(1370,17,33,0.0000,0.0000,NULL),(1371,17,31,0.0000,0.0000,NULL),(1372,17,30,0.0000,0.0000,NULL),(1373,17,25,0.0000,0.0000,NULL),(1374,17,22,0.0000,0.0000,NULL),(1375,17,19,0.0000,0.0000,NULL),(1376,17,18,0.0000,0.0000,NULL),(1377,17,17,0.0000,0.0000,NULL),(1378,17,16,0.0000,0.0000,NULL),(1379,17,14,0.0000,0.0000,NULL),(1380,17,13,0.0000,0.0000,NULL),(1381,17,12,0.0000,0.0000,NULL),(1382,17,11,0.0000,0.0000,NULL),(1383,17,10,0.0000,0.0000,NULL),(1384,17,9,0.0000,0.0000,NULL),(1385,17,7,0.0000,0.0000,NULL),(1386,18,500,0.0000,0.0000,NULL),(1387,18,498,0.0000,0.0000,NULL),(1388,18,497,0.0000,0.0000,NULL),(1389,18,496,0.0000,0.0000,NULL),(1390,18,495,0.0000,0.0000,NULL),(1391,18,494,0.0000,0.0000,NULL),(1392,18,493,0.0000,0.0000,NULL),(1393,18,492,0.0000,0.0000,NULL),(1394,18,491,0.0000,0.0000,NULL),(1395,18,490,0.0000,0.0000,NULL),(1396,18,489,0.0000,0.0000,NULL),(1397,18,488,0.0000,0.0000,NULL),(1398,18,487,0.0000,0.0000,NULL),(1399,18,486,0.0000,0.0000,NULL),(1400,18,485,0.0000,0.0000,NULL),(1401,18,484,0.0000,0.0000,NULL),(1402,18,483,0.0000,0.0000,NULL),(1403,18,481,0.0000,0.0000,NULL),(1404,18,479,0.0000,0.0000,NULL),(1405,18,478,0.0000,0.0000,NULL),(1406,18,477,0.0000,0.0000,NULL),(1407,18,476,0.0000,0.0000,NULL),(1408,18,475,0.0000,0.0000,NULL),(1409,18,474,0.0000,0.0000,NULL),(1410,18,472,0.0000,0.0000,NULL),(1411,18,470,0.0000,0.0000,NULL),(1412,18,465,0.0000,0.0000,NULL),(1413,18,464,0.0000,0.0000,NULL),(1414,18,462,0.0000,0.0000,NULL),(1415,18,461,0.0000,0.0000,NULL),(1416,18,449,0.0000,0.0000,NULL),(1417,18,448,0.0000,0.0000,NULL),(1418,18,447,0.0000,0.0000,NULL),(1419,18,443,0.0000,0.0000,NULL),(1420,18,442,0.0000,0.0000,NULL),(1421,18,441,0.0000,0.0000,NULL),(1422,18,439,0.0000,0.0000,NULL),(1423,18,438,0.0000,0.0000,NULL),(1424,18,437,0.0000,0.0000,NULL),(1425,18,436,0.0000,0.0000,NULL),(1426,18,435,0.0000,0.0000,NULL),(1427,18,434,0.0000,0.0000,NULL),(1428,18,433,0.0000,0.0000,NULL),(1429,18,432,0.0000,0.0000,NULL),(1430,18,431,0.0000,0.0000,NULL),(1431,18,417,0.0000,0.0000,NULL),(1432,18,415,0.0000,0.0000,NULL),(1433,18,414,0.0000,0.0000,NULL),(1434,18,413,0.0000,0.0000,NULL),(1435,18,412,0.0000,0.0000,NULL),(1436,18,411,0.0000,0.0000,NULL),(1437,18,410,0.0000,0.0000,NULL),(1438,18,409,0.0000,0.0000,NULL),(1439,18,408,0.0000,0.0000,NULL),(1440,18,404,0.0000,0.0000,NULL),(1441,18,400,0.0000,0.0000,NULL),(1442,18,399,0.0000,0.0000,NULL),(1443,18,397,0.0000,0.0000,NULL),(1444,18,395,0.0000,0.0000,NULL),(1445,18,394,0.0000,0.0000,NULL),(1446,18,393,0.0000,0.0000,NULL),(1447,18,392,0.0000,0.0000,NULL),(1448,18,391,0.0000,0.0000,NULL),(1449,18,390,0.0000,0.0000,NULL),(1450,18,389,0.0000,0.0000,NULL),(1451,18,387,0.0000,0.0000,NULL),(1452,18,386,0.0000,0.0000,NULL),(1453,18,384,0.0000,0.0000,NULL),(1454,18,383,0.0000,0.0000,NULL),(1455,18,382,0.0000,0.0000,NULL),(1456,18,381,0.0000,0.0000,NULL),(1457,18,380,0.0000,0.0000,NULL),(1458,18,379,0.0000,0.0000,NULL),(1459,18,378,0.0000,0.0000,NULL),(1460,18,376,0.0000,0.0000,NULL),(1461,18,375,0.0000,0.0000,NULL),(1462,18,374,0.0000,0.0000,NULL),(1463,18,373,0.0000,0.0000,NULL),(1464,18,369,0.0000,0.0000,NULL),(1465,18,354,0.0000,0.0000,NULL),(1466,18,343,0.0000,0.0000,NULL),(1467,18,341,0.0000,0.0000,NULL),(1468,18,340,0.0000,0.0000,NULL),(1469,18,339,0.0000,0.0000,NULL),(1470,18,338,0.0000,0.0000,NULL),(1471,18,337,0.0000,0.0000,NULL),(1472,18,336,0.0000,0.0000,NULL),(1473,18,334,0.0000,0.0000,NULL),(1474,18,331,0.0000,0.0000,NULL),(1475,18,330,0.0000,0.0000,NULL),(1476,18,327,0.0000,0.0000,NULL),(1477,18,326,0.0000,0.0000,NULL),(1478,18,325,0.0000,0.0000,NULL),(1479,18,322,0.0000,0.0000,NULL),(1480,18,321,0.0000,0.0000,NULL),(1481,18,320,0.0000,0.0000,NULL),(1482,18,282,0.0000,0.0000,NULL),(1483,18,281,0.0000,0.0000,NULL),(1484,18,280,0.0000,0.0000,NULL),(1485,18,275,0.0000,0.0000,NULL),(1486,18,274,0.0000,0.0000,NULL),(1487,18,273,0.0000,0.0000,NULL),(1488,18,272,0.0000,0.0000,NULL),(1489,18,270,0.0000,0.0000,NULL),(1490,18,269,0.0000,0.0000,NULL),(1491,18,267,0.0000,0.0000,NULL),(1492,18,266,0.0000,0.0000,NULL),(1493,18,265,0.0000,0.0000,NULL),(1494,18,264,0.0000,0.0000,NULL),(1495,18,263,0.0000,0.0000,NULL),(1496,18,262,0.0000,0.0000,NULL),(1497,18,261,0.0000,0.0000,NULL),(1498,18,260,0.0000,0.0000,NULL),(1499,18,245,0.0000,0.0000,NULL),(1500,18,229,0.0000,0.0000,NULL),(1501,18,226,0.0000,0.0000,NULL),(1502,18,220,0.0000,0.0000,NULL),(1503,18,219,0.0000,0.0000,NULL),(1504,18,217,0.0000,0.0000,NULL),(1505,18,214,0.0000,0.0000,NULL),(1506,18,211,0.0000,0.0000,NULL),(1507,18,208,0.0000,0.0000,NULL),(1508,18,205,0.0000,0.0000,NULL),(1509,18,204,0.0000,0.0000,NULL),(1510,18,201,0.0000,0.0000,NULL),(1511,18,190,0.0000,0.0000,NULL),(1512,18,184,0.0000,0.0000,NULL),(1513,18,182,0.0000,0.0000,NULL),(1514,18,143,0.0000,0.0000,NULL),(1515,18,141,0.0000,0.0000,NULL),(1516,18,140,0.0000,0.0000,NULL),(1517,18,138,0.0000,0.0000,NULL),(1518,18,134,0.0000,0.0000,NULL),(1519,18,133,0.0000,0.0000,NULL),(1520,18,131,0.0000,0.0000,NULL),(1521,18,130,0.0000,0.0000,NULL),(1522,18,121,0.0000,0.0000,NULL),(1523,18,120,0.0000,0.0000,NULL),(1524,18,114,0.0000,0.0000,NULL),(1525,18,113,0.0000,0.0000,NULL),(1526,18,107,0.0000,0.0000,NULL),(1527,18,106,0.0000,0.0000,NULL),(1528,18,105,0.0000,0.0000,NULL),(1529,18,103,0.0000,0.0000,NULL),(1530,18,102,0.0000,0.0000,NULL),(1531,18,100,0.0000,0.0000,NULL),(1532,18,99,0.0000,0.0000,NULL),(1533,18,98,0.0000,0.0000,NULL),(1534,18,96,0.0000,0.0000,NULL),(1535,18,95,0.0000,0.0000,NULL),(1536,18,92,0.0000,0.0000,NULL),(1537,18,89,0.0000,0.0000,NULL),(1538,18,87,0.0000,0.0000,NULL),(1539,18,85,0.0000,0.0000,NULL),(1540,18,84,0.0000,0.0000,NULL),(1541,18,83,0.0000,0.0000,NULL),(1542,18,82,0.0000,0.0000,NULL),(1543,18,81,0.0000,0.0000,NULL),(1544,18,80,0.0000,0.0000,NULL),(1545,18,79,0.0000,0.0000,NULL),(1546,18,78,0.0000,0.0000,NULL),(1547,18,76,0.0000,0.0000,NULL),(1548,18,75,0.0000,0.0000,NULL),(1549,18,74,0.0000,0.0000,NULL),(1550,18,73,0.0000,0.0000,NULL),(1551,18,71,0.0000,0.0000,NULL),(1552,18,70,0.0000,0.0000,NULL),(1553,18,69,0.0000,0.0000,NULL),(1554,18,68,0.0000,0.0000,NULL),(1555,18,66,0.0000,0.0000,NULL),(1556,18,65,0.0000,0.0000,NULL),(1557,18,64,0.0000,0.0000,NULL),(1558,18,61,0.0000,0.0000,NULL),(1559,18,60,0.0000,0.0000,NULL),(1560,18,59,0.0000,0.0000,NULL),(1561,18,56,0.0000,0.0000,NULL),(1562,18,53,0.0000,0.0000,NULL),(1563,18,46,0.0000,0.0000,NULL),(1564,18,44,0.0000,0.0000,NULL),(1565,18,42,0.0000,0.0000,NULL),(1566,18,41,0.0000,0.0000,NULL),(1567,18,38,0.0000,0.0000,NULL),(1568,18,37,0.0000,0.0000,NULL),(1569,18,36,0.0000,0.0000,NULL),(1570,18,34,0.0000,0.0000,NULL),(1571,18,33,0.0000,0.0000,NULL),(1572,18,25,0.0000,0.0000,NULL),(1573,18,22,0.0000,0.0000,NULL),(1574,18,19,0.0000,0.0000,NULL),(1575,18,18,0.0000,0.0000,NULL),(1576,18,17,0.0000,0.0000,NULL),(1577,18,16,0.0000,0.0000,NULL),(1578,18,14,0.0000,0.0000,NULL),(1579,18,13,0.0000,0.0000,NULL),(1580,18,12,0.0000,0.0000,NULL),(1581,18,11,0.0000,0.0000,NULL),(1582,18,10,0.0000,0.0000,NULL),(1583,18,9,0.0000,0.0000,NULL),(1584,18,7,0.0000,0.0000,NULL),(1585,19,500,0.0000,0.0000,NULL),(1586,19,498,0.0000,0.0000,NULL),(1587,19,497,0.0000,0.0000,NULL),(1588,19,496,0.0000,0.0000,NULL),(1589,19,495,0.0000,0.0000,NULL),(1590,19,494,0.0000,0.0000,NULL),(1591,19,493,0.0000,0.0000,NULL),(1592,19,492,0.0000,0.0000,NULL),(1593,19,491,0.0000,0.0000,NULL),(1594,19,490,0.0000,0.0000,NULL),(1595,19,489,0.0000,0.0000,NULL),(1596,19,488,0.0000,0.0000,NULL),(1597,19,487,0.0000,0.0000,NULL),(1598,19,486,0.0000,0.0000,NULL),(1599,19,485,0.0000,0.0000,NULL),(1600,19,484,0.0000,0.0000,NULL),(1601,19,483,0.0000,0.0000,NULL),(1602,19,481,0.0000,0.0000,NULL),(1603,19,479,0.0000,0.0000,NULL),(1604,19,478,0.0000,0.0000,NULL),(1605,19,477,0.0000,0.0000,NULL),(1606,19,476,0.0000,0.0000,NULL),(1607,19,475,0.0000,0.0000,NULL),(1608,19,474,0.0000,0.0000,NULL),(1609,19,472,0.0000,0.0000,NULL),(1610,19,470,0.0000,0.0000,NULL),(1611,19,465,0.0000,0.0000,NULL),(1612,19,464,0.0000,0.0000,NULL),(1613,19,462,0.0000,0.0000,NULL),(1614,19,461,0.0000,0.0000,NULL),(1615,19,449,0.0000,0.0000,NULL),(1616,19,448,0.0000,0.0000,NULL),(1617,19,447,0.0000,0.0000,NULL),(1618,19,443,0.0000,0.0000,NULL),(1619,19,442,0.0000,0.0000,NULL),(1620,19,441,0.0000,0.0000,NULL),(1621,19,439,0.0000,0.0000,NULL),(1622,19,438,0.0000,0.0000,NULL),(1623,19,437,0.0000,0.0000,NULL),(1624,19,436,0.0000,0.0000,NULL),(1625,19,435,0.0000,0.0000,NULL),(1626,19,434,0.0000,0.0000,NULL),(1627,19,433,0.0000,0.0000,NULL),(1628,19,432,0.0000,0.0000,NULL),(1629,19,431,0.0000,0.0000,NULL),(1630,19,417,0.0000,0.0000,NULL),(1631,19,415,0.0000,0.0000,NULL),(1632,19,414,0.0000,0.0000,NULL),(1633,19,413,0.0000,0.0000,NULL),(1634,19,412,0.0000,0.0000,NULL),(1635,19,411,0.0000,0.0000,NULL),(1636,19,410,0.0000,0.0000,NULL),(1637,19,409,0.0000,0.0000,NULL),(1638,19,408,0.0000,0.0000,NULL),(1639,19,404,0.0000,0.0000,NULL),(1640,19,400,0.0000,0.0000,NULL),(1641,19,399,0.0000,0.0000,NULL),(1642,19,397,0.0000,0.0000,NULL),(1643,19,395,0.0000,0.0000,NULL),(1644,19,394,0.0000,0.0000,NULL),(1645,19,393,0.0000,0.0000,NULL),(1646,19,392,0.0000,0.0000,NULL),(1647,19,391,0.0000,0.0000,NULL),(1648,19,390,0.0000,0.0000,NULL),(1649,19,389,0.0000,0.0000,NULL),(1650,19,387,0.0000,0.0000,NULL),(1651,19,386,0.0000,0.0000,NULL),(1652,19,384,0.0000,0.0000,NULL),(1653,19,383,0.0000,0.0000,NULL),(1654,19,382,0.0000,0.0000,NULL),(1655,19,381,0.0000,0.0000,NULL),(1656,19,380,0.0000,0.0000,NULL),(1657,19,379,0.0000,0.0000,NULL),(1658,19,378,0.0000,0.0000,NULL),(1659,19,376,0.0000,0.0000,NULL),(1660,19,375,0.0000,0.0000,NULL),(1661,19,374,0.0000,0.0000,NULL),(1662,19,373,0.0000,0.0000,NULL),(1663,19,369,0.0000,0.0000,NULL),(1664,19,354,0.0000,0.0000,NULL),(1665,19,343,0.0000,0.0000,NULL),(1666,19,341,0.0000,0.0000,NULL),(1667,19,340,0.0000,0.0000,NULL),(1668,19,339,0.0000,0.0000,NULL),(1669,19,338,0.0000,0.0000,NULL),(1670,19,337,0.0000,0.0000,NULL),(1671,19,336,0.0000,0.0000,NULL),(1672,19,334,0.0000,0.0000,NULL),(1673,19,331,0.0000,0.0000,NULL),(1674,19,330,0.0000,0.0000,NULL),(1675,19,327,0.0000,0.0000,NULL),(1676,19,326,0.0000,0.0000,NULL),(1677,19,325,0.0000,0.0000,NULL),(1678,19,322,0.0000,0.0000,NULL),(1679,19,321,0.0000,0.0000,NULL),(1680,19,320,0.0000,0.0000,NULL),(1681,19,282,0.0000,0.0000,NULL),(1682,19,281,0.0000,0.0000,NULL),(1683,19,280,0.0000,0.0000,NULL),(1684,19,275,0.0000,0.0000,NULL),(1685,19,274,0.0000,0.0000,NULL),(1686,19,273,0.0000,0.0000,NULL),(1687,19,272,0.0000,0.0000,NULL),(1688,19,270,0.0000,0.0000,NULL),(1689,19,269,0.0000,0.0000,NULL),(1690,19,267,0.0000,0.0000,NULL),(1691,19,266,0.0000,0.0000,NULL),(1692,19,265,0.0000,0.0000,NULL),(1693,19,264,0.0000,0.0000,NULL),(1694,19,263,0.0000,0.0000,NULL),(1695,19,262,0.0000,0.0000,NULL),(1696,19,261,0.0000,0.0000,NULL),(1697,19,260,0.0000,0.0000,NULL),(1698,19,245,0.0000,0.0000,NULL),(1699,19,229,0.0000,0.0000,NULL),(1700,19,226,0.0000,0.0000,NULL),(1701,19,220,0.0000,0.0000,NULL),(1702,19,219,0.0000,0.0000,NULL),(1703,19,217,0.0000,0.0000,NULL),(1704,19,214,0.0000,0.0000,NULL),(1705,19,211,0.0000,0.0000,NULL),(1706,19,208,0.0000,0.0000,NULL),(1707,19,205,0.0000,0.0000,NULL),(1708,19,204,0.0000,0.0000,NULL),(1709,19,201,0.0000,0.0000,NULL),(1710,19,190,0.0000,0.0000,NULL),(1711,19,184,0.0000,0.0000,NULL),(1712,19,182,0.0000,0.0000,NULL),(1713,19,143,0.0000,0.0000,NULL),(1714,19,141,0.0000,0.0000,NULL),(1715,19,140,0.0000,0.0000,NULL),(1716,19,138,0.0000,0.0000,NULL),(1717,19,134,0.0000,0.0000,NULL),(1718,19,133,0.0000,0.0000,NULL),(1719,19,131,0.0000,0.0000,NULL),(1720,19,130,0.0000,0.0000,NULL),(1721,19,121,0.0000,0.0000,NULL),(1722,19,120,0.0000,0.0000,NULL),(1723,19,114,0.0000,0.0000,NULL),(1724,19,113,0.0000,0.0000,NULL),(1725,19,107,0.0000,0.0000,NULL),(1726,19,106,0.0000,0.0000,NULL),(1727,19,105,0.0000,0.0000,NULL),(1728,19,103,0.0000,0.0000,NULL),(1729,19,102,0.0000,0.0000,NULL),(1730,19,100,0.0000,0.0000,NULL),(1731,19,99,0.0000,0.0000,NULL),(1732,19,98,0.0000,0.0000,NULL),(1733,19,96,0.0000,0.0000,NULL),(1734,19,95,0.0000,0.0000,NULL),(1735,19,92,0.0000,0.0000,NULL),(1736,19,89,0.0000,0.0000,NULL),(1737,19,87,0.0000,0.0000,NULL),(1738,19,85,0.0000,0.0000,NULL),(1739,19,84,0.0000,0.0000,NULL),(1740,19,83,0.0000,0.0000,NULL),(1741,19,82,0.0000,0.0000,NULL),(1742,19,81,0.0000,0.0000,NULL),(1743,19,80,0.0000,0.0000,NULL),(1744,19,79,0.0000,0.0000,NULL),(1745,19,78,0.0000,0.0000,NULL),(1746,19,76,0.0000,0.0000,NULL),(1747,19,75,0.0000,0.0000,NULL),(1748,19,74,0.0000,0.0000,NULL),(1749,19,73,0.0000,0.0000,NULL),(1750,19,71,0.0000,0.0000,NULL),(1751,19,70,0.0000,0.0000,NULL),(1752,19,69,0.0000,0.0000,NULL),(1753,19,68,0.0000,0.0000,NULL),(1754,19,66,0.0000,0.0000,NULL),(1755,19,65,350.0000,350.0000,NULL),(1756,19,64,0.0000,0.0000,NULL),(1757,19,61,0.0000,0.0000,NULL),(1758,19,60,0.0000,0.0000,NULL),(1759,19,59,0.0000,0.0000,NULL),(1760,19,56,0.0000,0.0000,NULL),(1761,19,53,0.0000,0.0000,NULL),(1762,19,46,0.0000,0.0000,NULL),(1763,19,44,0.0000,0.0000,NULL),(1764,19,42,0.0000,0.0000,NULL),(1765,19,41,0.0000,0.0000,NULL),(1766,19,38,0.0000,0.0000,NULL),(1767,19,37,0.0000,0.0000,NULL),(1768,19,36,0.0000,0.0000,NULL),(1769,19,34,0.0000,0.0000,NULL),(1770,19,33,0.0000,0.0000,NULL),(1771,19,25,0.0000,0.0000,NULL),(1772,19,22,0.0000,0.0000,NULL),(1773,19,19,0.0000,0.0000,NULL),(1774,19,18,0.0000,0.0000,NULL),(1775,19,17,0.0000,0.0000,NULL),(1776,19,16,0.0000,0.0000,NULL),(1777,19,14,0.0000,0.0000,NULL),(1778,19,13,0.0000,0.0000,NULL),(1779,19,12,0.0000,0.0000,NULL),(1780,19,11,0.0000,0.0000,NULL),(1781,19,10,0.0000,0.0000,NULL),(1782,19,9,0.0000,0.0000,NULL),(1783,19,7,0.0000,0.0000,NULL),(1784,20,500,0.0000,0.0000,NULL),(1785,20,498,0.0000,0.0000,NULL),(1786,20,497,0.0000,0.0000,NULL),(1787,20,496,0.0000,0.0000,NULL),(1788,20,495,0.0000,0.0000,NULL),(1789,20,494,0.0000,0.0000,NULL),(1790,20,493,0.0000,0.0000,NULL),(1791,20,492,0.0000,0.0000,NULL),(1792,20,491,0.0000,0.0000,NULL),(1793,20,490,0.0000,0.0000,NULL),(1794,20,489,0.0000,0.0000,NULL),(1795,20,488,0.0000,0.0000,NULL),(1796,20,487,0.0000,0.0000,NULL),(1797,20,486,0.0000,0.0000,NULL),(1798,20,485,0.0000,0.0000,NULL),(1799,20,484,0.0000,0.0000,NULL),(1800,20,483,0.0000,0.0000,NULL),(1801,20,481,0.0000,0.0000,NULL),(1802,20,479,0.0000,0.0000,NULL),(1803,20,478,0.0000,0.0000,NULL),(1804,20,477,0.0000,0.0000,NULL),(1805,20,476,0.0000,0.0000,NULL),(1806,20,475,0.0000,0.0000,NULL),(1807,20,474,0.0000,0.0000,NULL),(1808,20,472,0.0000,0.0000,NULL),(1809,20,470,0.0000,0.0000,NULL),(1810,20,465,0.0000,0.0000,NULL),(1811,20,464,0.0000,0.0000,NULL),(1812,20,462,0.0000,0.0000,NULL),(1813,20,461,0.0000,0.0000,NULL),(1814,20,449,0.0000,0.0000,NULL),(1815,20,448,0.0000,0.0000,NULL),(1816,20,447,0.0000,0.0000,NULL),(1817,20,443,0.0000,0.0000,NULL),(1818,20,442,0.0000,0.0000,NULL),(1819,20,441,0.0000,0.0000,NULL),(1820,20,439,0.0000,0.0000,NULL),(1821,20,438,0.0000,0.0000,NULL),(1822,20,437,0.0000,0.0000,NULL),(1823,20,436,0.0000,0.0000,NULL),(1824,20,435,0.0000,0.0000,NULL),(1825,20,434,0.0000,0.0000,NULL),(1826,20,433,0.0000,0.0000,NULL),(1827,20,432,0.0000,0.0000,NULL),(1828,20,431,0.0000,0.0000,NULL),(1829,20,417,0.0000,0.0000,NULL),(1830,20,415,0.0000,0.0000,NULL),(1831,20,414,0.0000,0.0000,NULL),(1832,20,413,0.0000,0.0000,NULL),(1833,20,412,0.0000,0.0000,NULL),(1834,20,411,0.0000,0.0000,NULL),(1835,20,410,0.0000,0.0000,NULL),(1836,20,409,0.0000,0.0000,NULL),(1837,20,408,0.0000,0.0000,NULL),(1838,20,404,0.0000,0.0000,NULL),(1839,20,400,0.0000,0.0000,NULL),(1840,20,399,0.0000,0.0000,NULL),(1841,20,397,0.0000,0.0000,NULL),(1842,20,395,0.0000,0.0000,NULL),(1843,20,394,0.0000,0.0000,NULL),(1844,20,393,0.0000,0.0000,NULL),(1845,20,392,0.0000,0.0000,NULL),(1846,20,391,0.0000,0.0000,NULL),(1847,20,390,0.0000,0.0000,NULL),(1848,20,389,0.0000,0.0000,NULL),(1849,20,387,0.0000,0.0000,NULL),(1850,20,386,0.0000,0.0000,NULL),(1851,20,384,0.0000,0.0000,NULL),(1852,20,383,0.0000,0.0000,NULL),(1853,20,382,0.0000,0.0000,NULL),(1854,20,381,0.0000,0.0000,NULL),(1855,20,380,0.0000,0.0000,NULL),(1856,20,379,0.0000,0.0000,NULL),(1857,20,378,0.0000,0.0000,NULL),(1858,20,376,0.0000,0.0000,NULL),(1859,20,375,0.0000,0.0000,NULL),(1860,20,374,0.0000,0.0000,NULL),(1861,20,373,0.0000,0.0000,NULL),(1862,20,369,0.0000,0.0000,NULL),(1863,20,354,0.0000,0.0000,NULL),(1864,20,343,0.0000,0.0000,NULL),(1865,20,341,0.0000,0.0000,NULL),(1866,20,340,0.0000,0.0000,NULL),(1867,20,339,0.0000,0.0000,NULL),(1868,20,338,0.0000,0.0000,NULL),(1869,20,337,0.0000,0.0000,NULL),(1870,20,336,0.0000,0.0000,NULL),(1871,20,334,0.0000,0.0000,NULL),(1872,20,331,0.0000,0.0000,NULL),(1873,20,330,0.0000,0.0000,NULL),(1874,20,327,0.0000,0.0000,NULL),(1875,20,326,0.0000,0.0000,NULL),(1876,20,325,0.0000,0.0000,NULL),(1877,20,322,0.0000,0.0000,NULL),(1878,20,321,0.0000,0.0000,NULL),(1879,20,320,0.0000,0.0000,NULL),(1880,20,282,0.0000,0.0000,NULL),(1881,20,281,0.0000,0.0000,NULL),(1882,20,280,0.0000,0.0000,NULL),(1883,20,275,0.0000,0.0000,NULL),(1884,20,274,0.0000,0.0000,NULL),(1885,20,273,0.0000,0.0000,NULL),(1886,20,272,0.0000,0.0000,NULL),(1887,20,270,0.0000,0.0000,NULL),(1888,20,269,0.0000,0.0000,NULL),(1889,20,267,0.0000,0.0000,NULL),(1890,20,266,0.0000,0.0000,NULL),(1891,20,265,0.0000,0.0000,NULL),(1892,20,264,0.0000,0.0000,NULL),(1893,20,263,0.0000,0.0000,NULL),(1894,20,262,0.0000,0.0000,NULL),(1895,20,261,0.0000,0.0000,NULL),(1896,20,260,0.0000,0.0000,NULL),(1897,20,245,0.0000,0.0000,NULL),(1898,20,229,0.0000,0.0000,NULL),(1899,20,226,0.0000,0.0000,NULL),(1900,20,220,0.0000,0.0000,NULL),(1901,20,219,0.0000,0.0000,NULL),(1902,20,217,0.0000,0.0000,NULL),(1903,20,214,0.0000,0.0000,NULL),(1904,20,211,0.0000,0.0000,NULL),(1905,20,208,0.0000,0.0000,NULL),(1906,20,205,0.0000,0.0000,NULL),(1907,20,204,0.0000,0.0000,NULL),(1908,20,201,0.0000,0.0000,NULL),(1909,20,190,0.0000,0.0000,NULL),(1910,20,184,0.0000,0.0000,NULL),(1911,20,182,0.0000,0.0000,NULL),(1912,20,143,0.0000,0.0000,NULL),(1913,20,141,0.0000,0.0000,NULL),(1914,20,140,0.0000,0.0000,NULL),(1915,20,138,0.0000,0.0000,NULL),(1916,20,134,0.0000,0.0000,NULL),(1917,20,133,0.0000,0.0000,NULL),(1918,20,131,0.0000,0.0000,NULL),(1919,20,130,0.0000,0.0000,NULL),(1920,20,121,0.0000,0.0000,NULL),(1921,20,120,0.0000,0.0000,NULL),(1922,20,114,0.0000,0.0000,NULL),(1923,20,113,0.0000,0.0000,NULL),(1924,20,107,0.0000,0.0000,NULL),(1925,20,106,0.0000,0.0000,NULL),(1926,20,105,0.0000,0.0000,NULL),(1927,20,103,0.0000,0.0000,NULL),(1928,20,102,0.0000,0.0000,NULL),(1929,20,100,0.0000,0.0000,NULL),(1930,20,99,0.0000,0.0000,NULL),(1931,20,98,0.0000,0.0000,NULL),(1932,20,96,0.0000,0.0000,NULL),(1933,20,95,0.0000,0.0000,NULL),(1934,20,92,0.0000,0.0000,NULL),(1935,20,89,0.0000,0.0000,NULL),(1936,20,87,0.0000,0.0000,NULL),(1937,20,85,0.0000,0.0000,NULL),(1938,20,84,0.0000,0.0000,NULL),(1939,20,83,0.0000,0.0000,NULL),(1940,20,82,0.0000,0.0000,NULL),(1941,20,81,0.0000,0.0000,NULL),(1942,20,80,0.0000,0.0000,NULL),(1943,20,79,0.0000,0.0000,NULL),(1944,20,78,0.0000,0.0000,NULL),(1945,20,76,0.0000,0.0000,NULL),(1946,20,75,0.0000,0.0000,NULL),(1947,20,74,0.0000,0.0000,NULL),(1948,20,73,0.0000,0.0000,NULL),(1949,20,71,0.0000,0.0000,NULL),(1950,20,70,0.0000,0.0000,NULL),(1951,20,69,0.0000,0.0000,NULL),(1952,20,68,0.0000,0.0000,NULL),(1953,20,66,0.0000,0.0000,NULL),(1954,20,65,0.0000,0.0000,NULL),(1955,20,64,0.0000,0.0000,NULL),(1956,20,61,0.0000,0.0000,NULL),(1957,20,60,0.0000,0.0000,NULL),(1958,20,59,0.0000,0.0000,NULL),(1959,20,56,0.0000,0.0000,NULL),(1960,20,53,0.0000,0.0000,NULL),(1961,20,46,0.0000,0.0000,NULL),(1962,20,44,0.0000,0.0000,NULL),(1963,20,42,0.0000,0.0000,NULL),(1964,20,41,0.0000,0.0000,NULL),(1965,20,38,0.0000,0.0000,NULL),(1966,20,37,0.0000,0.0000,NULL),(1967,20,36,0.0000,0.0000,NULL),(1968,20,34,0.0000,0.0000,NULL),(1969,20,33,0.0000,0.0000,NULL),(1970,20,25,0.0000,0.0000,NULL),(1971,20,22,0.0000,0.0000,NULL),(1972,20,19,0.0000,0.0000,NULL),(1973,20,18,0.0000,0.0000,NULL),(1974,20,17,0.0000,0.0000,NULL),(1975,20,16,0.0000,0.0000,NULL),(1976,20,14,0.0000,0.0000,NULL),(1977,20,13,0.0000,0.0000,NULL),(1978,20,12,0.0000,0.0000,NULL),(1979,20,11,0.0000,0.0000,NULL),(1980,20,10,0.0000,0.0000,NULL),(1981,20,9,0.0000,0.0000,NULL),(1982,20,7,0.0000,0.0000,NULL),(1983,21,500,0.0000,0.0000,NULL),(1984,21,498,0.0000,0.0000,NULL),(1985,21,497,14.0000,0.0000,NULL),(1986,21,496,0.0000,0.0000,NULL),(1987,21,495,0.0000,0.0000,NULL),(1988,21,494,0.0000,0.0000,NULL),(1989,21,493,0.0000,0.0000,NULL),(1990,21,492,0.0000,0.0000,NULL),(1991,21,491,0.0000,0.0000,NULL),(1992,21,490,0.0000,0.0000,NULL),(1993,21,489,10.0000,0.0000,NULL),(1994,21,488,0.0000,0.0000,NULL),(1995,21,487,0.0000,0.0000,NULL),(1996,21,486,0.0000,0.0000,NULL),(1997,21,485,20.0000,0.0000,NULL),(1998,21,484,10.0000,0.0000,NULL),(1999,21,483,0.0000,0.0000,NULL),(2000,21,481,120.0000,0.0000,NULL),(2001,21,479,0.0000,0.0000,NULL),(2002,21,478,26.0000,0.0000,NULL),(2003,21,477,0.0000,0.0000,NULL),(2004,21,476,400.0000,0.0000,NULL),(2005,21,475,0.0000,0.0000,NULL),(2006,21,474,0.0000,0.0000,NULL),(2007,21,472,5.0000,0.0000,NULL),(2008,21,470,0.0000,0.0000,NULL),(2009,21,465,75.0000,0.0000,NULL),(2010,21,464,150.0000,0.0000,NULL),(2011,21,462,3.0000,0.0000,NULL),(2012,21,461,0.0000,0.0000,NULL),(2013,21,449,50.0000,0.0000,NULL),(2014,21,448,1600.0000,0.0000,NULL),(2015,21,447,1500.0000,0.0000,NULL),(2016,21,443,30.0000,0.0000,NULL),(2017,21,442,100.0000,0.0000,NULL),(2018,21,441,5.0000,0.0000,NULL),(2019,21,439,80.0000,80.0000,NULL),(2020,21,438,0.0000,0.0000,NULL),(2021,21,437,100.0000,0.0000,NULL),(2022,21,436,50.0000,0.0000,NULL),(2023,21,435,3000.0000,0.0000,NULL),(2024,21,434,131.0000,0.0000,NULL),(2025,21,433,45.0000,0.0000,NULL),(2026,21,432,24.0000,0.0000,NULL),(2027,21,431,0.0000,0.0000,NULL),(2028,21,417,300.0000,0.0000,NULL),(2029,21,415,15.0000,0.0000,NULL),(2030,21,414,0.0000,0.0000,NULL),(2031,21,413,0.0000,0.0000,NULL),(2032,21,412,0.0000,0.0000,NULL),(2033,21,411,0.0000,0.0000,NULL),(2034,21,410,0.0000,0.0000,NULL),(2035,21,409,5.0000,0.0000,NULL),(2036,21,408,0.0000,0.0000,NULL),(2037,21,404,0.0000,0.0000,NULL),(2038,21,400,27.0000,0.0000,NULL),(2039,21,399,55.0000,0.0000,NULL),(2040,21,397,600.0000,0.0000,NULL),(2041,21,395,0.0000,0.0000,NULL),(2042,21,394,5.0000,0.0000,NULL),(2043,21,393,2.0000,0.0000,NULL),(2044,21,392,100.0000,0.0000,NULL),(2045,21,391,4.0000,0.0000,NULL),(2046,21,390,20.0000,0.0000,NULL),(2047,21,389,200.0000,0.0000,NULL),(2048,21,387,0.0000,0.0000,NULL),(2049,21,386,0.0000,0.0000,NULL),(2050,21,384,3.0000,0.0000,NULL),(2051,21,383,1425.0000,0.0000,NULL),(2052,21,382,1800.0000,0.0000,NULL),(2053,21,381,1090.0000,0.0000,NULL),(2054,21,380,2.0000,0.0000,NULL),(2055,21,379,0.0000,0.0000,NULL),(2056,21,378,1000.0000,0.0000,NULL),(2057,21,376,0.0000,0.0000,NULL),(2058,21,375,0.0000,0.0000,NULL),(2059,21,374,300.0000,0.0000,NULL),(2060,21,373,600.0000,0.0000,NULL),(2061,21,369,0.0000,0.0000,NULL),(2062,21,354,0.0000,0.0000,NULL),(2063,21,343,59.0000,0.0000,NULL),(2064,21,341,0.0000,0.0000,NULL),(2065,21,340,0.0000,0.0000,NULL),(2066,21,339,0.0000,0.0000,NULL),(2067,21,338,1.0000,0.0000,NULL),(2068,21,337,2.0000,0.0000,NULL),(2069,21,336,0.0000,0.0000,NULL),(2070,21,334,50.0000,0.0000,NULL),(2071,21,331,0.0000,0.0000,NULL),(2072,21,330,16.0000,0.0000,NULL),(2073,21,327,0.0000,0.0000,NULL),(2074,21,326,8160.0000,0.0000,NULL),(2075,21,325,8.0000,0.0000,NULL),(2076,21,322,0.0000,0.0000,NULL),(2077,21,321,0.0000,0.0000,NULL),(2078,21,320,300.0000,0.0000,NULL),(2079,21,282,500.0000,0.0000,NULL),(2080,21,281,0.0000,0.0000,NULL),(2081,21,280,0.0000,0.0000,NULL),(2082,21,275,0.0000,0.0000,NULL),(2083,21,274,6.0000,0.0000,NULL),(2084,21,273,0.0000,0.0000,NULL),(2085,21,272,0.0000,0.0000,NULL),(2086,21,270,0.0000,0.0000,NULL),(2087,21,269,0.0000,0.0000,NULL),(2088,21,267,0.0000,0.0000,NULL),(2089,21,266,50.0000,0.0000,NULL),(2090,21,265,100.0000,0.0000,NULL),(2091,21,264,100.0000,0.0000,NULL),(2092,21,263,50.0000,0.0000,NULL),(2093,21,262,0.0000,0.0000,NULL),(2094,21,261,0.0000,0.0000,NULL),(2095,21,260,0.0000,0.0000,NULL),(2096,21,245,56.0000,0.0000,NULL),(2097,21,229,0.0000,0.0000,NULL),(2098,21,226,400.0000,0.0000,NULL),(2099,21,220,5.0000,0.0000,NULL),(2100,21,219,0.0000,0.0000,NULL),(2101,21,217,41.0000,0.0000,NULL),(2102,21,214,0.0000,0.0000,NULL),(2103,21,211,100.0000,0.0000,NULL),(2104,21,208,0.0000,0.0000,NULL),(2105,21,205,0.0000,0.0000,NULL),(2106,21,204,0.0000,0.0000,NULL),(2107,21,201,0.0000,0.0000,NULL),(2108,21,190,0.0000,0.0000,NULL),(2109,21,184,0.0000,0.0000,NULL),(2110,21,182,0.0000,0.0000,NULL),(2111,21,143,63.0000,0.0000,NULL),(2112,21,141,0.0000,0.0000,NULL),(2113,21,140,0.0000,0.0000,NULL),(2114,21,138,0.0000,0.0000,NULL),(2115,21,134,0.0000,0.0000,NULL),(2116,21,133,0.0000,0.0000,NULL),(2117,21,131,0.0000,0.0000,NULL),(2118,21,130,55.0000,0.0000,NULL),(2119,21,121,50.0000,0.0000,NULL),(2120,21,120,0.0000,0.0000,NULL),(2121,21,114,261.0000,0.0000,NULL),(2122,21,113,4.0000,0.0000,NULL),(2123,21,107,0.0000,0.0000,NULL),(2124,21,106,5.0000,0.0000,NULL),(2125,21,105,17.0000,17.0000,NULL),(2126,21,103,2.0000,0.0000,NULL),(2127,21,102,2.0000,0.0000,NULL),(2128,21,100,4.0000,0.0000,NULL),(2129,21,99,6.0000,0.0000,NULL),(2130,21,98,2.0000,0.0000,NULL),(2131,21,96,0.0000,0.0000,NULL),(2132,21,95,2.0000,0.0000,NULL),(2133,21,92,0.0000,0.0000,NULL),(2134,21,89,0.0000,0.0000,NULL),(2135,21,87,30.0000,30.0000,NULL),(2136,21,85,0.0000,0.0000,NULL),(2137,21,84,0.0000,0.0000,NULL),(2138,21,83,334.0000,0.0000,NULL),(2139,21,82,0.0000,0.0000,NULL),(2140,21,81,95.0000,0.0000,NULL),(2141,21,80,2.0000,0.0000,NULL),(2142,21,79,0.0000,0.0000,NULL),(2143,21,78,5.0000,0.0000,NULL),(2144,21,76,1.0000,0.0000,NULL),(2145,21,75,2400.0000,0.0000,NULL),(2146,21,74,0.0000,0.0000,NULL),(2147,21,73,200.0000,0.0000,NULL),(2148,21,71,3.0000,0.0000,NULL),(2149,21,70,2.0000,0.0000,NULL),(2150,21,69,0.0000,0.0000,NULL),(2151,21,68,0.0000,0.0000,NULL),(2152,21,66,6.0000,6.0000,NULL),(2153,21,65,350.0000,350.0000,NULL),(2154,21,64,0.0000,0.0000,NULL),(2155,21,61,0.0000,0.0000,NULL),(2156,21,60,0.0000,0.0000,NULL),(2157,21,59,0.0000,0.0000,NULL),(2158,21,56,0.0000,0.0000,NULL),(2159,21,53,0.0000,0.0000,NULL),(2160,21,46,8.0000,0.0000,NULL),(2161,21,44,700.0000,0.0000,NULL),(2162,21,42,0.0000,0.0000,NULL),(2163,21,41,0.0000,0.0000,NULL),(2164,21,38,0.0000,0.0000,NULL),(2165,21,37,0.0000,0.0000,NULL),(2166,21,36,0.0000,0.0000,NULL),(2167,21,34,0.0000,0.0000,NULL),(2168,21,33,0.0000,0.0000,NULL),(2169,21,25,0.0000,0.0000,NULL),(2170,21,22,10.0000,0.0000,NULL),(2171,21,19,0.0000,0.0000,NULL),(2172,21,18,0.0000,0.0000,NULL),(2173,21,17,0.0000,0.0000,NULL),(2174,21,16,0.0000,0.0000,NULL),(2175,21,14,0.0000,0.0000,NULL),(2176,21,13,0.0000,0.0000,NULL),(2177,21,12,0.0000,0.0000,NULL),(2178,21,11,0.0000,0.0000,NULL),(2179,21,10,0.0000,0.0000,NULL),(2180,21,9,0.0000,0.0000,NULL),(2181,21,7,0.0000,0.0000,NULL),(2182,22,543,0.0000,0.0000,NULL),(2183,22,542,0.0000,0.0000,NULL),(2184,22,541,0.0000,0.0000,NULL),(2185,22,540,0.0000,0.0000,NULL),(2186,22,539,0.0000,0.0000,NULL),(2187,22,538,0.0000,0.0000,NULL),(2188,22,537,0.0000,0.0000,NULL),(2189,22,536,0.0000,0.0000,NULL),(2190,22,535,0.0000,0.0000,NULL),(2191,22,534,0.0000,0.0000,NULL),(2192,22,533,0.0000,0.0000,NULL),(2193,22,532,0.0000,0.0000,NULL),(2194,22,531,0.0000,0.0000,NULL),(2195,22,530,0.0000,0.0000,NULL),(2196,22,529,0.0000,0.0000,NULL),(2197,22,528,0.0000,0.0000,NULL),(2198,22,527,0.0000,0.0000,NULL),(2199,22,526,0.0000,0.0000,NULL),(2200,22,525,0.0000,0.0000,NULL),(2201,22,524,0.0000,0.0000,NULL),(2202,22,523,0.0000,0.0000,NULL),(2203,22,522,0.0000,0.0000,NULL),(2204,22,521,0.0000,0.0000,NULL),(2205,22,520,0.0000,0.0000,NULL),(2206,22,519,0.0000,0.0000,NULL),(2207,22,497,0.0000,0.0000,NULL),(2208,22,489,0.0000,0.0000,NULL),(2209,22,485,0.0000,0.0000,NULL),(2210,22,484,0.0000,0.0000,NULL),(2211,22,481,0.0000,0.0000,NULL),(2212,22,478,0.0000,0.0000,NULL),(2213,22,476,0.0000,0.0000,NULL),(2214,22,472,0.0000,0.0000,NULL),(2215,22,465,0.0000,0.0000,NULL),(2216,22,464,0.0000,0.0000,NULL),(2217,22,462,0.0000,0.0000,NULL),(2218,22,449,0.0000,0.0000,NULL),(2219,22,448,0.0000,0.0000,NULL),(2220,22,447,0.0000,0.0000,NULL),(2221,22,443,0.0000,0.0000,NULL),(2222,22,442,0.0000,0.0000,NULL),(2223,22,441,0.0000,0.0000,NULL),(2224,22,437,0.0000,0.0000,NULL),(2225,22,436,0.0000,0.0000,NULL),(2226,22,435,0.0000,0.0000,NULL),(2227,22,434,0.0000,0.0000,NULL),(2228,22,433,0.0000,0.0000,NULL),(2229,22,432,0.0000,0.0000,NULL),(2230,22,417,0.0000,0.0000,NULL),(2231,22,415,0.0000,0.0000,NULL),(2232,22,409,0.0000,0.0000,NULL),(2233,22,400,0.0000,0.0000,NULL),(2234,22,399,0.0000,0.0000,NULL),(2235,22,397,0.0000,0.0000,NULL),(2236,22,394,0.0000,0.0000,NULL),(2237,22,393,0.0000,0.0000,NULL),(2238,22,392,0.0000,0.0000,NULL),(2239,22,391,0.0000,0.0000,NULL),(2240,22,390,0.0000,0.0000,NULL),(2241,22,389,0.0000,0.0000,NULL),(2242,22,384,0.0000,0.0000,NULL),(2243,22,383,0.0000,0.0000,NULL),(2244,22,382,0.0000,0.0000,NULL),(2245,22,381,0.0000,0.0000,NULL),(2246,22,380,0.0000,0.0000,NULL),(2247,22,378,0.0000,0.0000,NULL),(2248,22,374,0.0000,0.0000,NULL),(2249,22,373,0.0000,0.0000,NULL),(2250,22,343,0.0000,0.0000,NULL),(2251,22,338,0.0000,0.0000,NULL),(2252,22,337,0.0000,0.0000,NULL),(2253,22,334,0.0000,0.0000,NULL),(2254,22,330,0.0000,0.0000,NULL),(2255,22,326,0.0000,0.0000,NULL),(2256,22,325,0.0000,0.0000,NULL),(2257,22,320,0.0000,0.0000,NULL),(2258,22,282,0.0000,0.0000,NULL),(2259,22,274,0.0000,0.0000,NULL),(2260,22,266,0.0000,0.0000,NULL),(2261,22,265,0.0000,0.0000,NULL),(2262,22,264,0.0000,0.0000,NULL),(2263,22,263,0.0000,0.0000,NULL),(2264,22,245,0.0000,0.0000,NULL),(2265,22,226,0.0000,0.0000,NULL),(2266,22,220,0.0000,0.0000,NULL),(2267,22,217,0.0000,0.0000,NULL),(2268,22,211,0.0000,0.0000,NULL),(2269,22,143,0.0000,0.0000,NULL),(2270,22,130,0.0000,0.0000,NULL),(2271,22,121,0.0000,0.0000,NULL),(2272,22,114,0.0000,0.0000,NULL),(2273,22,113,0.0000,0.0000,NULL),(2274,22,106,0.0000,0.0000,NULL),(2275,22,103,0.0000,0.0000,NULL),(2276,22,102,0.0000,0.0000,NULL),(2277,22,100,0.0000,0.0000,NULL),(2278,22,99,0.0000,0.0000,NULL),(2279,22,98,0.0000,0.0000,NULL),(2280,22,95,0.0000,0.0000,NULL),(2281,22,83,0.0000,0.0000,NULL),(2282,22,81,0.0000,0.0000,NULL),(2283,22,80,0.0000,0.0000,NULL),(2284,22,78,0.0000,0.0000,NULL),(2285,22,76,0.0000,0.0000,NULL),(2286,22,75,0.0000,0.0000,NULL),(2287,22,71,0.0000,0.0000,NULL),(2288,22,70,0.0000,0.0000,NULL),(2289,22,66,0.0000,0.0000,NULL),(2290,22,65,0.0000,0.0000,NULL),(2291,22,44,0.0000,0.0000,NULL),(2292,22,22,0.0000,0.0000,NULL),(2293,22,544,20.0000,20.0000,NULL),(2294,23,544,20.0000,20.0000,0.0000),(2295,23,543,1.0000,0.0000,0.0000),(2296,23,542,1.0000,0.0000,0.0000),(2297,23,541,1.0000,0.0000,0.0000),(2298,23,540,500.0000,0.0000,0.0000),(2299,23,539,200.0000,0.0000,0.0000),(2300,23,538,20.0000,0.0000,0.0000),(2301,23,537,200.0000,0.0000,0.0000),(2302,23,536,30.0000,0.0000,0.0000),(2303,23,535,500.0000,0.0000,0.0000),(2304,23,534,2.0000,0.0000,0.0000),(2305,23,533,550.0000,0.0000,0.0000),(2306,23,532,50.0000,0.0000,0.0000),(2307,23,531,10.0000,0.0000,0.0000),(2308,23,530,12.0000,0.0000,0.0000),(2309,23,529,12.0000,0.0000,0.0000),(2310,23,528,12.0000,0.0000,0.0000),(2311,23,527,10.0000,0.0000,0.0000),(2312,23,526,50.0000,0.0000,0.0000),(2313,23,525,50.0000,0.0000,0.0000),(2314,23,524,150.0000,0.0000,0.0000),(2315,23,523,30.0000,0.0000,0.0000),(2316,23,522,100.0000,0.0000,0.0000),(2317,23,521,500.0000,0.0000,0.0000),(2318,23,520,735.0000,0.0000,0.0000),(2319,23,519,1.0000,0.0000,0.0000),(2320,23,500,3000.0000,0.0000,0.0000),(2321,23,498,10.0000,0.0000,0.0000),(2322,23,497,14.0000,0.0000,0.0000),(2323,23,496,40.0000,0.0000,0.0000),(2324,23,495,40.0000,0.0000,0.0000),(2325,23,494,30.0000,0.0000,0.0000),(2326,23,493,8.0000,0.0000,0.0000),(2327,23,492,30.0000,0.0000,0.0000),(2328,23,491,20.0000,0.0000,0.0000),(2329,23,490,60.0000,0.0000,0.0000),(2330,23,489,10.0000,0.0000,0.0000),(2331,23,488,50.0000,0.0000,0.0000),(2332,23,487,50.0000,0.0000,0.0000),(2333,23,486,20.0000,0.0000,0.0000),(2334,23,485,20.0000,0.0000,0.0000),(2335,23,484,10.0000,0.0000,0.0000),(2336,23,483,3.0000,0.0000,0.0000),(2337,23,481,47.0000,0.0000,0.0000),(2338,23,479,100.0000,0.0000,0.0000),(2339,23,478,27.0000,0.0000,0.0000),(2340,23,477,500.0000,0.0000,0.0000),(2341,23,476,400.0000,0.0000,0.0000),(2342,23,475,3600.0000,0.0000,0.0000),(2343,23,474,1675.0000,0.0000,0.0000),(2344,23,472,5.0000,0.0000,0.0000),(2345,23,470,30.0000,0.0000,0.0000),(2346,23,465,100.0000,0.0000,0.0000),(2347,23,464,1000.0000,0.0000,0.0000),(2348,23,462,4.0000,0.0000,0.0000),(2349,23,461,130.0000,0.0000,0.0000),(2350,23,449,50.0000,0.0000,0.0000),(2351,23,448,1600.0000,0.0000,0.0000),(2352,23,447,3000.0000,0.0000,0.0000),(2353,23,443,30.0000,0.0000,0.0000),(2354,23,442,100.0000,0.0000,0.0000),(2355,23,441,1.0000,0.0000,0.0000),(2356,23,439,120.0000,0.0000,0.0000),(2357,23,438,375.0000,0.0000,0.0000),(2358,23,437,100.0000,0.0000,0.0000),(2359,23,436,50.0000,0.0000,0.0000),(2360,23,435,1411.0000,0.0000,0.0000),(2361,23,434,9.0000,0.0000,0.0000),(2362,23,433,45.0000,0.0000,0.0000),(2363,23,432,10.0000,0.0000,0.0000),(2364,23,431,4.0000,0.0000,0.0000),(2365,23,417,1090.0000,0.0000,0.0000),(2366,23,415,28.0000,0.0000,0.0000),(2367,23,414,10.0000,0.0000,0.0000),(2368,23,413,60.0000,0.0000,0.0000),(2369,23,412,2.0000,0.0000,0.0000),(2370,23,411,540.0000,0.0000,0.0000),(2371,23,410,795.0000,0.0000,0.0000),(2372,23,409,5.0000,0.0000,0.0000),(2373,23,408,7.0000,0.0000,0.0000),(2374,23,404,2.0000,0.0000,0.0000),(2375,23,400,29.0000,0.0000,0.0000),(2376,23,399,200.0000,0.0000,0.0000),(2377,23,397,500.0000,0.0000,0.0000),(2378,23,395,30.0000,0.0000,0.0000),(2379,23,394,5.0000,0.0000,0.0000),(2380,23,393,4.0000,0.0000,0.0000),(2381,23,392,20.0000,0.0000,0.0000),(2382,23,391,60.0000,0.0000,0.0000),(2383,23,390,5.0000,0.0000,0.0000),(2384,23,389,5.0000,0.0000,0.0000),(2385,23,387,200.0000,0.0000,0.0000),(2386,23,386,50.0000,0.0000,0.0000),(2387,23,384,2.0000,0.0000,0.0000),(2388,23,383,2000.0000,0.0000,0.0000),(2389,23,382,1650.0000,0.0000,0.0000),(2390,23,381,300.0000,0.0000,0.0000),(2391,23,380,3.0000,0.0000,0.0000),(2392,23,379,2000.0000,0.0000,0.0000),(2393,23,378,500.0000,0.0000,0.0000),(2394,23,376,43.0000,0.0000,0.0000),(2395,23,375,30.0000,0.0000,0.0000),(2396,23,374,300.0000,0.0000,0.0000),(2397,23,373,100.0000,0.0000,0.0000),(2398,23,369,500.0000,0.0000,0.0000),(2399,23,354,3.0000,0.0000,0.0000),(2400,23,343,97.0000,0.0000,0.0000),(2401,23,341,24.0000,0.0000,0.0000),(2402,23,340,44.0000,0.0000,0.0000),(2403,23,339,100.0000,0.0000,0.0000),(2404,23,338,1.0000,0.0000,0.0000),(2405,23,337,2.0000,0.0000,0.0000),(2406,23,336,1.0000,0.0000,0.0000),(2407,23,334,50.0000,0.0000,0.0000),(2408,23,331,60.0000,0.0000,0.0000),(2409,23,330,16.0000,0.0000,0.0000),(2410,23,327,3.0000,0.0000,0.0000),(2411,23,326,3420.0000,0.0000,0.0000),(2412,23,325,5.0000,0.0000,0.0000),(2413,23,322,175.0000,0.0000,0.0000),(2414,23,321,100.0000,0.0000,0.0000),(2415,23,320,175.0000,0.0000,0.0000),(2416,23,282,300.0000,0.0000,0.0000),(2417,23,281,600.0000,0.0000,0.0000),(2418,23,280,2.0000,0.0000,0.0000),(2419,23,275,450.0000,0.0000,0.0000),(2420,23,274,16.0000,0.0000,0.0000),(2421,23,273,24.0000,0.0000,0.0000),(2422,23,272,101.0000,0.0000,0.0000),(2423,23,270,400.0000,0.0000,0.0000),(2424,23,269,6000.0000,0.0000,0.0000),(2425,23,267,5000.0000,0.0000,0.0000),(2426,23,266,50.0000,0.0000,0.0000),(2427,23,265,100.0000,0.0000,0.0000),(2428,23,264,100.0000,0.0000,0.0000),(2429,23,263,50.0000,0.0000,0.0000),(2430,23,262,1.0000,0.0000,0.0000),(2431,23,261,1.0000,0.0000,0.0000),(2432,23,260,1.0000,0.0000,0.0000),(2433,23,245,4.0000,0.0000,0.0000),(2434,23,229,180.0000,0.0000,0.0000),(2435,23,226,250.0000,0.0000,0.0000),(2436,23,220,20.0000,0.0000,0.0000),(2437,23,219,200.0000,0.0000,0.0000),(2438,23,217,7.0000,0.0000,0.0000),(2439,23,214,10.0000,0.0000,0.0000),(2440,23,213,1.0000,0.0000,0.0000),(2441,23,211,130.0000,0.0000,0.0000),(2442,23,208,3000.0000,0.0000,0.0000),(2443,23,205,100.0000,0.0000,0.0000),(2444,23,204,150.0000,0.0000,0.0000),(2445,23,201,10.0000,0.0000,0.0000),(2446,23,190,10.0000,0.0000,0.0000),(2447,23,184,100.0000,0.0000,0.0000),(2448,23,182,60.0000,0.0000,0.0000),(2449,23,143,10.0000,0.0000,0.0000),(2450,23,141,500.0000,0.0000,0.0000),(2451,23,140,300.0000,0.0000,0.0000),(2452,23,138,60.0000,0.0000,0.0000),(2453,23,134,200.0000,0.0000,0.0000),(2454,23,133,200.0000,0.0000,0.0000),(2455,23,131,22.0000,0.0000,0.0000),(2456,23,130,125.0000,0.0000,0.0000),(2457,23,121,10.0000,0.0000,0.0000),(2458,23,120,50.0000,0.0000,0.0000),(2459,23,114,261.0000,0.0000,0.0000),(2460,23,113,2.0000,0.0000,0.0000),(2461,23,107,4.0000,0.0000,0.0000),(2462,23,106,5.0000,0.0000,0.0000),(2463,23,105,29.0000,0.0000,0.0000),(2464,23,103,4.0000,0.0000,0.0000),(2465,23,102,5.0000,0.0000,0.0000),(2466,23,100,4.0000,0.0000,0.0000),(2467,23,99,8.0000,0.0000,0.0000),(2468,23,98,1.0000,0.0000,0.0000),(2469,23,96,2.0000,0.0000,0.0000),(2470,23,95,2.0000,0.0000,0.0000),(2471,23,92,5.0000,0.0000,0.0000),(2472,23,89,140.0000,0.0000,0.0000),(2473,23,87,40.0000,0.0000,0.0000),(2474,23,85,3.0000,0.0000,0.0000),(2475,23,84,65.0000,0.0000,0.0000),(2476,23,83,200.0000,0.0000,0.0000),(2477,23,82,40.0000,0.0000,0.0000),(2478,23,81,95.0000,0.0000,0.0000),(2479,23,80,2.0000,0.0000,0.0000),(2480,23,79,20.0000,0.0000,0.0000),(2481,23,78,6.0000,0.0000,0.0000),(2482,23,76,1.0000,0.0000,0.0000),(2483,23,75,2600.0000,0.0000,0.0000),(2484,23,74,1.0000,0.0000,0.0000),(2485,23,73,150.0000,0.0000,0.0000),(2486,23,71,3.0000,0.0000,0.0000),(2487,23,70,2.0000,0.0000,0.0000),(2488,23,69,1.0000,0.0000,0.0000),(2489,23,68,13.0000,0.0000,0.0000),(2490,23,66,6.0000,0.0000,0.0000),(2491,23,65,475.0000,0.0000,0.0000),(2492,23,64,24.0000,0.0000,0.0000),(2493,23,61,36.0000,0.0000,0.0000),(2494,23,60,24.0000,0.0000,0.0000),(2495,23,59,12.0000,0.0000,0.0000),(2496,23,56,20.0000,0.0000,0.0000),(2497,23,53,307.0000,0.0000,0.0000),(2498,23,46,7.0000,0.0000,0.0000),(2499,23,44,1800.0000,0.0000,0.0000),(2500,23,42,50.0000,0.0000,0.0000),(2501,23,41,40.0000,0.0000,0.0000),(2502,23,38,20.0000,0.0000,0.0000),(2503,23,37,50.0000,0.0000,0.0000),(2504,23,36,40.0000,0.0000,0.0000),(2505,23,34,110.0000,0.0000,0.0000),(2506,23,33,66.0000,0.0000,0.0000),(2507,23,25,100.0000,0.0000,0.0000),(2508,23,22,10.0000,0.0000,0.0000),(2509,23,19,150.0000,0.0000,0.0000),(2510,23,18,200.0000,0.0000,0.0000),(2511,23,17,200.0000,0.0000,0.0000),(2512,23,16,98.0000,0.0000,0.0000),(2513,23,14,30.0000,0.0000,0.0000),(2514,23,13,150.0000,0.0000,0.0000),(2515,23,12,81.0000,0.0000,0.0000),(2516,23,11,20.0000,0.0000,0.0000),(2517,23,10,400.0000,0.0000,0.0000),(2518,23,9,200.0000,0.0000,0.0000),(2519,23,7,10.0000,0.0000,0.0000),(2520,23,6,80.0000,-140.0000,0.0000),(2521,23,5,5.0000,-2.0000,0.0000),(2522,24,544,20.0000,20.0000,0.0000),(2523,24,543,1.0000,0.0000,0.0000),(2524,24,542,1.0000,0.0000,0.0000),(2525,24,541,1.0000,0.0000,0.0000),(2526,24,540,500.0000,0.0000,0.0000),(2527,24,539,200.0000,0.0000,0.0000),(2528,24,538,20.0000,0.0000,0.0000),(2529,24,537,200.0000,0.0000,0.0000),(2530,24,536,30.0000,0.0000,0.0000),(2531,24,535,500.0000,0.0000,0.0000),(2532,24,534,2.0000,0.0000,0.0000),(2533,24,533,550.0000,0.0000,0.0000),(2534,24,532,50.0000,0.0000,0.0000),(2535,24,531,10.0000,0.0000,0.0000),(2536,24,530,12.0000,0.0000,0.0000),(2537,24,529,12.0000,0.0000,0.0000),(2538,24,528,12.0000,0.0000,0.0000),(2539,24,527,10.0000,0.0000,0.0000),(2540,24,526,50.0000,0.0000,0.0000),(2541,24,525,50.0000,0.0000,0.0000),(2542,24,524,150.0000,0.0000,0.0000),(2543,24,523,30.0000,0.0000,0.0000),(2544,24,522,100.0000,0.0000,0.0000),(2545,24,521,500.0000,0.0000,0.0000),(2546,24,520,735.0000,0.0000,0.0000),(2547,24,519,1.0000,0.0000,0.0000),(2548,24,500,3000.0000,0.0000,0.0000),(2549,24,498,10.0000,0.0000,0.0000),(2550,24,497,14.0000,0.0000,0.0000),(2551,24,496,40.0000,0.0000,0.0000),(2552,24,495,40.0000,0.0000,0.0000),(2553,24,494,30.0000,0.0000,0.0000),(2554,24,493,8.0000,0.0000,0.0000),(2555,24,492,30.0000,0.0000,0.0000),(2556,24,491,20.0000,0.0000,0.0000),(2557,24,490,60.0000,0.0000,0.0000),(2558,24,489,10.0000,0.0000,0.0000),(2559,24,488,50.0000,0.0000,0.0000),(2560,24,487,50.0000,0.0000,0.0000),(2561,24,486,20.0000,0.0000,0.0000),(2562,24,485,20.0000,0.0000,0.0000),(2563,24,484,10.0000,0.0000,0.0000),(2564,24,483,3.0000,0.0000,0.0000),(2565,24,481,47.0000,0.0000,0.0000),(2566,24,479,100.0000,0.0000,0.0000),(2567,24,478,27.0000,0.0000,0.0000),(2568,24,477,500.0000,0.0000,0.0000),(2569,24,476,400.0000,0.0000,0.0000),(2570,24,475,3600.0000,0.0000,0.0000),(2571,24,474,1675.0000,0.0000,0.0000),(2572,24,472,5.0000,0.0000,0.0000),(2573,24,470,30.0000,0.0000,0.0000),(2574,24,465,100.0000,0.0000,0.0000),(2575,24,464,1000.0000,0.0000,0.0000),(2576,24,462,4.0000,0.0000,0.0000),(2577,24,461,130.0000,0.0000,0.0000),(2578,24,449,50.0000,0.0000,0.0000),(2579,24,448,1600.0000,0.0000,0.0000),(2580,24,447,3000.0000,0.0000,0.0000),(2581,24,443,30.0000,0.0000,0.0000),(2582,24,442,100.0000,0.0000,0.0000),(2583,24,441,1.0000,0.0000,0.0000),(2584,24,439,120.0000,0.0000,0.0000),(2585,24,438,375.0000,0.0000,0.0000),(2586,24,437,100.0000,0.0000,0.0000),(2587,24,436,50.0000,0.0000,0.0000),(2588,24,435,1411.0000,0.0000,0.0000),(2589,24,434,9.0000,0.0000,0.0000),(2590,24,433,45.0000,0.0000,0.0000),(2591,24,432,10.0000,0.0000,0.0000),(2592,24,431,4.0000,0.0000,0.0000),(2593,24,417,1090.0000,0.0000,0.0000),(2594,24,415,28.0000,0.0000,0.0000),(2595,24,414,10.0000,0.0000,0.0000),(2596,24,413,60.0000,0.0000,0.0000),(2597,24,412,2.0000,0.0000,0.0000),(2598,24,411,540.0000,0.0000,0.0000),(2599,24,410,795.0000,0.0000,0.0000),(2600,24,409,5.0000,0.0000,0.0000),(2601,24,408,7.0000,0.0000,0.0000),(2602,24,404,2.0000,0.0000,0.0000),(2603,24,400,29.0000,0.0000,0.0000),(2604,24,399,200.0000,0.0000,0.0000),(2605,24,397,500.0000,0.0000,0.0000),(2606,24,395,30.0000,0.0000,0.0000),(2607,24,394,5.0000,0.0000,0.0000),(2608,24,393,4.0000,0.0000,0.0000),(2609,24,392,20.0000,0.0000,0.0000),(2610,24,391,60.0000,0.0000,0.0000),(2611,24,390,5.0000,0.0000,0.0000),(2612,24,389,5.0000,0.0000,0.0000),(2613,24,387,200.0000,0.0000,0.0000),(2614,24,386,50.0000,0.0000,0.0000),(2615,24,384,2.0000,0.0000,0.0000),(2616,24,383,2000.0000,0.0000,0.0000),(2617,24,382,1650.0000,0.0000,0.0000),(2618,24,381,300.0000,0.0000,0.0000),(2619,24,380,3.0000,0.0000,0.0000),(2620,24,379,2000.0000,0.0000,0.0000),(2621,24,378,500.0000,0.0000,0.0000),(2622,24,376,43.0000,0.0000,0.0000),(2623,24,375,30.0000,0.0000,0.0000),(2624,24,374,300.0000,0.0000,0.0000),(2625,24,373,100.0000,0.0000,0.0000),(2626,24,369,500.0000,0.0000,0.0000),(2627,24,354,3.0000,0.0000,0.0000),(2628,24,343,97.0000,0.0000,0.0000),(2629,24,341,24.0000,0.0000,0.0000),(2630,24,340,44.0000,0.0000,0.0000),(2631,24,339,100.0000,0.0000,0.0000),(2632,24,338,1.0000,0.0000,0.0000),(2633,24,337,2.0000,0.0000,0.0000),(2634,24,336,1.0000,0.0000,0.0000),(2635,24,334,50.0000,0.0000,0.0000),(2636,24,331,60.0000,0.0000,0.0000),(2637,24,330,16.0000,0.0000,0.0000),(2638,24,327,3.0000,0.0000,0.0000),(2639,24,326,3420.0000,0.0000,0.0000),(2640,24,325,5.0000,0.0000,0.0000),(2641,24,322,175.0000,0.0000,0.0000),(2642,24,321,100.0000,0.0000,0.0000),(2643,24,320,175.0000,0.0000,0.0000),(2644,24,282,300.0000,0.0000,0.0000),(2645,24,281,600.0000,0.0000,0.0000),(2646,24,280,2.0000,0.0000,0.0000),(2647,24,275,450.0000,0.0000,0.0000),(2648,24,274,16.0000,0.0000,0.0000),(2649,24,273,24.0000,0.0000,0.0000),(2650,24,272,101.0000,0.0000,0.0000),(2651,24,270,400.0000,0.0000,0.0000),(2652,24,269,6000.0000,0.0000,0.0000),(2653,24,267,5000.0000,0.0000,0.0000),(2654,24,266,50.0000,0.0000,0.0000),(2655,24,265,100.0000,0.0000,0.0000),(2656,24,264,100.0000,0.0000,0.0000),(2657,24,263,50.0000,0.0000,0.0000),(2658,24,262,1.0000,0.0000,0.0000),(2659,24,261,1.0000,0.0000,0.0000),(2660,24,260,1.0000,0.0000,0.0000),(2661,24,245,4.0000,0.0000,0.0000),(2662,24,229,180.0000,0.0000,0.0000),(2663,24,226,250.0000,0.0000,0.0000),(2664,24,220,20.0000,0.0000,0.0000),(2665,24,219,200.0000,0.0000,0.0000),(2666,24,217,7.0000,0.0000,0.0000),(2667,24,214,10.0000,0.0000,0.0000),(2668,24,213,1.0000,0.0000,0.0000),(2669,24,211,130.0000,0.0000,0.0000),(2670,24,208,3000.0000,0.0000,0.0000),(2671,24,205,100.0000,0.0000,0.0000),(2672,24,204,150.0000,0.0000,0.0000),(2673,24,201,10.0000,0.0000,0.0000),(2674,24,190,10.0000,0.0000,0.0000),(2675,24,184,100.0000,0.0000,0.0000),(2676,24,182,60.0000,0.0000,0.0000),(2677,24,143,10.0000,0.0000,0.0000),(2678,24,141,500.0000,0.0000,0.0000),(2679,24,140,300.0000,0.0000,0.0000),(2680,24,138,60.0000,0.0000,0.0000),(2681,24,134,200.0000,0.0000,0.0000),(2682,24,133,200.0000,0.0000,0.0000),(2683,24,131,22.0000,0.0000,0.0000),(2684,24,130,125.0000,0.0000,0.0000),(2685,24,121,10.0000,0.0000,0.0000),(2686,24,120,50.0000,0.0000,0.0000),(2687,24,114,261.0000,0.0000,0.0000),(2688,24,113,2.0000,0.0000,0.0000),(2689,24,107,4.0000,0.0000,0.0000),(2690,24,106,5.0000,0.0000,0.0000),(2691,24,105,29.0000,0.0000,0.0000),(2692,24,103,4.0000,0.0000,0.0000),(2693,24,102,5.0000,0.0000,0.0000),(2694,24,100,4.0000,0.0000,0.0000),(2695,24,99,8.0000,0.0000,0.0000),(2696,24,98,1.0000,0.0000,0.0000),(2697,24,96,2.0000,0.0000,0.0000),(2698,24,95,2.0000,0.0000,0.0000),(2699,24,92,5.0000,0.0000,0.0000),(2700,24,89,140.0000,0.0000,0.0000),(2701,24,87,40.0000,0.0000,0.0000),(2702,24,85,3.0000,0.0000,0.0000),(2703,24,84,65.0000,0.0000,0.0000),(2704,24,83,200.0000,0.0000,0.0000),(2705,24,82,40.0000,0.0000,0.0000),(2706,24,81,95.0000,0.0000,0.0000),(2707,24,80,2.0000,0.0000,0.0000),(2708,24,79,20.0000,0.0000,0.0000),(2709,24,78,6.0000,0.0000,0.0000),(2710,24,76,1.0000,0.0000,0.0000),(2711,24,75,2600.0000,0.0000,0.0000),(2712,24,74,1.0000,0.0000,0.0000),(2713,24,73,150.0000,0.0000,0.0000),(2714,24,71,3.0000,0.0000,0.0000),(2715,24,70,2.0000,0.0000,0.0000),(2716,24,69,1.0000,0.0000,0.0000),(2717,24,68,13.0000,0.0000,0.0000),(2718,24,66,6.0000,0.0000,0.0000),(2719,24,65,475.0000,0.0000,0.0000),(2720,24,64,24.0000,0.0000,0.0000),(2721,24,61,36.0000,0.0000,0.0000),(2722,24,60,24.0000,0.0000,0.0000),(2723,24,59,12.0000,0.0000,0.0000),(2724,24,56,20.0000,0.0000,0.0000),(2725,24,53,307.0000,0.0000,0.0000),(2726,24,46,7.0000,0.0000,0.0000),(2727,24,44,1800.0000,0.0000,0.0000),(2728,24,42,50.0000,0.0000,0.0000),(2729,24,41,40.0000,0.0000,0.0000),(2730,24,38,20.0000,0.0000,0.0000),(2731,24,37,50.0000,0.0000,0.0000),(2732,24,36,40.0000,0.0000,0.0000),(2733,24,34,110.0000,0.0000,0.0000),(2734,24,33,66.0000,0.0000,0.0000),(2735,24,25,100.0000,0.0000,0.0000),(2736,24,22,10.0000,0.0000,0.0000),(2737,24,19,150.0000,0.0000,0.0000),(2738,24,18,200.0000,0.0000,0.0000),(2739,24,17,200.0000,0.0000,0.0000),(2740,24,16,98.0000,0.0000,0.0000),(2741,24,14,30.0000,0.0000,0.0000),(2742,24,13,150.0000,0.0000,0.0000),(2743,24,12,81.0000,0.0000,0.0000),(2744,24,11,20.0000,0.0000,0.0000),(2745,24,10,400.0000,0.0000,0.0000),(2746,24,9,200.0000,0.0000,0.0000),(2747,24,7,10.0000,0.0000,0.0000),(2748,24,6,80.0000,-140.0000,0.0000),(2749,24,5,5.0000,-2.0000,0.0000),(2750,25,544,20.0000,20.0000,0.0000),(2751,25,543,1.0000,0.0000,0.0000),(2752,25,542,1.0000,0.0000,0.0000),(2753,25,541,1.0000,0.0000,0.0000),(2754,25,540,500.0000,0.0000,0.0000),(2755,25,539,200.0000,0.0000,0.0000),(2756,25,538,20.0000,0.0000,0.0000),(2757,25,537,200.0000,0.0000,0.0000),(2758,25,536,30.0000,0.0000,0.0000),(2759,25,535,500.0000,0.0000,0.0000),(2760,25,534,2.0000,0.0000,0.0000),(2761,25,533,550.0000,0.0000,0.0000),(2762,25,532,50.0000,0.0000,0.0000),(2763,25,531,10.0000,0.0000,0.0000),(2764,25,530,12.0000,0.0000,0.0000),(2765,25,529,12.0000,0.0000,0.0000),(2766,25,528,12.0000,0.0000,0.0000),(2767,25,527,10.0000,0.0000,0.0000),(2768,25,526,50.0000,0.0000,0.0000),(2769,25,525,50.0000,0.0000,0.0000),(2770,25,524,150.0000,0.0000,0.0000),(2771,25,523,30.0000,0.0000,0.0000),(2772,25,522,100.0000,0.0000,0.0000),(2773,25,521,500.0000,0.0000,0.0000),(2774,25,520,735.0000,0.0000,0.0000),(2775,25,519,1.0000,0.0000,0.0000),(2776,25,500,3000.0000,0.0000,0.0000),(2777,25,498,10.0000,0.0000,0.0000),(2778,25,497,14.0000,0.0000,45.0000),(2779,25,496,40.0000,0.0000,63.0000),(2780,25,495,40.0000,0.0000,0.0000),(2781,25,494,30.0000,0.0000,0.0000),(2782,25,493,8.0000,0.0000,0.0000),(2783,25,492,30.0000,0.0000,0.0000),(2784,25,491,20.0000,0.0000,0.0000),(2785,25,490,60.0000,0.0000,0.0000),(2786,25,489,10.0000,0.0000,10.0000),(2787,25,488,50.0000,0.0000,0.0000),(2788,25,487,50.0000,0.0000,0.0000),(2789,25,486,20.0000,0.0000,0.0000),(2790,25,485,20.0000,0.0000,20.0000),(2791,25,484,10.0000,0.0000,10.0000),(2792,25,483,3.0000,0.0000,6.0000),(2793,25,481,47.0000,0.0000,120.0000),(2794,25,479,100.0000,0.0000,0.0000),(2795,25,478,27.0000,0.0000,26.0000),(2796,25,477,500.0000,0.0000,0.0000),(2797,25,476,400.0000,0.0000,400.0000),(2798,25,475,3600.0000,0.0000,0.0000),(2799,25,474,1675.0000,0.0000,0.0000),(2800,25,472,5.0000,0.0000,5.0000),(2801,25,470,30.0000,0.0000,0.0000),(2802,25,465,100.0000,0.0000,75.0000),(2803,25,464,1000.0000,0.0000,150.0000),(2804,25,462,4.0000,0.0000,3.0000),(2805,25,461,130.0000,0.0000,0.0000),(2806,25,449,50.0000,0.0000,50.0000),(2807,25,448,1600.0000,0.0000,0.0000),(2808,25,447,3000.0000,0.0000,3000.0000),(2809,25,443,30.0000,0.0000,30.0000),(2810,25,442,100.0000,0.0000,100.0000),(2811,25,441,1.0000,0.0000,5.0000),(2812,25,439,120.0000,0.0000,80.0000),(2813,25,438,375.0000,0.0000,0.0000),(2814,25,437,100.0000,0.0000,100.0000),(2815,25,436,50.0000,0.0000,50.0000),(2816,25,435,1411.0000,0.0000,1500.0000),(2817,25,434,9.0000,0.0000,131.0000),(2818,25,433,45.0000,0.0000,14.0000),(2819,25,432,10.0000,0.0000,24.0000),(2820,25,431,4.0000,0.0000,100.0000),(2821,25,417,1090.0000,0.0000,1090.0000),(2822,25,415,28.0000,0.0000,15.0000),(2823,25,414,10.0000,0.0000,0.0000),(2824,25,413,60.0000,0.0000,0.0000),(2825,25,412,2.0000,0.0000,0.0000),(2826,25,411,540.0000,0.0000,0.0000),(2827,25,410,795.0000,0.0000,1600.0000),(2828,25,409,5.0000,0.0000,5.0000),(2829,25,408,7.0000,0.0000,0.0000),(2830,25,404,2.0000,0.0000,0.0000),(2831,25,400,29.0000,0.0000,27.0000),(2832,25,399,200.0000,0.0000,200.0000),(2833,25,397,500.0000,0.0000,500.0000),(2834,25,395,30.0000,0.0000,41.0000),(2835,25,394,5.0000,0.0000,5.0000),(2836,25,393,4.0000,0.0000,2.0000),(2837,25,392,20.0000,0.0000,0.0000),(2838,25,391,60.0000,0.0000,60.0000),(2839,25,390,5.0000,0.0000,20.0000),(2840,25,389,5.0000,0.0000,55.0000),(2841,25,387,200.0000,0.0000,600.0000),(2842,25,386,50.0000,0.0000,50.0000),(2843,25,384,2.0000,0.0000,2.0000),(2844,25,383,2000.0000,0.0000,1425.0000),(2845,25,382,1650.0000,0.0000,1800.0000),(2846,25,381,300.0000,0.0000,300.0000),(2847,25,380,3.0000,0.0000,3.0000),(2848,25,379,2000.0000,0.0000,2400.0000),(2849,25,378,500.0000,0.0000,1000.0000),(2850,25,376,43.0000,0.0000,0.0000),(2851,25,375,30.0000,0.0000,0.0000),(2852,25,374,300.0000,0.0000,300.0000),(2853,25,373,100.0000,0.0000,0.0000),(2854,25,369,500.0000,0.0000,0.0000),(2855,25,354,3.0000,0.0000,0.0000),(2856,25,343,97.0000,0.0000,59.0000),(2857,25,341,24.0000,0.0000,0.0000),(2858,25,340,44.0000,0.0000,334.0000),(2859,25,339,100.0000,0.0000,0.0000),(2860,25,338,1.0000,0.0000,1.0000),(2861,25,337,2.0000,0.0000,2.0000),(2862,25,336,1.0000,0.0000,0.0000),(2863,25,334,50.0000,0.0000,50.0000),(2864,25,331,60.0000,0.0000,0.0000),(2865,25,330,16.0000,0.0000,16.0000),(2866,25,327,3.0000,0.0000,0.0000),(2867,25,326,3420.0000,0.0000,8160.0000),(2868,25,325,5.0000,0.0000,8.0000),(2869,25,322,175.0000,0.0000,300.0000),(2870,25,321,100.0000,0.0000,0.0000),(2871,25,320,175.0000,0.0000,0.0000),(2872,25,282,300.0000,0.0000,600.0000),(2873,25,281,600.0000,0.0000,0.0000),(2874,25,280,2.0000,0.0000,0.0000),(2875,25,275,450.0000,0.0000,0.0000),(2876,25,274,16.0000,0.0000,6.0000),(2877,25,273,24.0000,0.0000,0.0000),(2878,25,272,101.0000,0.0000,0.0000),(2879,25,270,400.0000,0.0000,0.0000),(2880,25,269,6000.0000,0.0000,0.0000),(2881,25,267,5000.0000,0.0000,0.0000),(2882,25,266,50.0000,0.0000,50.0000),(2883,25,265,100.0000,0.0000,100.0000),(2884,25,264,100.0000,0.0000,100.0000),(2885,25,263,50.0000,0.0000,50.0000),(2886,25,262,1.0000,0.0000,0.0000),(2887,25,261,1.0000,0.0000,0.0000),(2888,25,260,1.0000,0.0000,0.0000),(2889,25,245,4.0000,0.0000,4.0000),(2890,25,229,180.0000,0.0000,0.0000),(2891,25,226,250.0000,0.0000,0.0000),(2892,25,220,20.0000,0.0000,5.0000),(2893,25,219,200.0000,0.0000,0.0000),(2894,25,217,7.0000,0.0000,0.0000),(2895,25,214,10.0000,0.0000,0.0000),(2896,25,213,1.0000,0.0000,0.0000),(2897,25,211,130.0000,0.0000,100.0000),(2898,25,208,3000.0000,0.0000,400.0000),(2899,25,205,100.0000,0.0000,0.0000),(2900,25,204,150.0000,0.0000,0.0000),(2901,25,201,10.0000,0.0000,0.0000),(2902,25,190,10.0000,0.0000,0.0000),(2903,25,184,100.0000,0.0000,0.0000),(2904,25,182,60.0000,0.0000,0.0000),(2905,25,143,10.0000,0.0000,0.0000),(2906,25,141,500.0000,0.0000,0.0000),(2907,25,140,300.0000,0.0000,0.0000),(2908,25,138,60.0000,0.0000,0.0000),(2909,25,134,200.0000,0.0000,0.0000),(2910,25,133,200.0000,0.0000,0.0000),(2911,25,131,22.0000,0.0000,0.0000),(2912,25,130,125.0000,0.0000,55.0000),(2913,25,121,10.0000,0.0000,0.0000),(2914,25,120,50.0000,0.0000,0.0000),(2915,25,114,261.0000,0.0000,261.0000),(2916,25,113,2.0000,0.0000,4.0000),(2917,25,107,4.0000,0.0000,0.0000),(2918,25,106,5.0000,0.0000,5.0000),(2919,25,105,29.0000,0.0000,17.0000),(2920,25,103,4.0000,0.0000,2.0000),(2921,25,102,5.0000,0.0000,2.0000),(2922,25,100,4.0000,0.0000,4.0000),(2923,25,99,8.0000,0.0000,6.0000),(2924,25,98,1.0000,0.0000,2.0000),(2925,25,96,2.0000,0.0000,0.0000),(2926,25,95,2.0000,0.0000,2.0000),(2927,25,92,5.0000,0.0000,0.0000),(2928,25,89,140.0000,0.0000,0.0000),(2929,25,87,40.0000,0.0000,30.0000),(2930,25,85,3.0000,0.0000,0.0000),(2931,25,84,65.0000,0.0000,0.0000),(2932,25,83,200.0000,0.0000,0.0000),(2933,25,82,40.0000,0.0000,0.0000),(2934,25,81,95.0000,0.0000,95.0000),(2935,25,80,2.0000,0.0000,2.0000),(2936,25,79,20.0000,0.0000,0.0000),(2937,25,78,6.0000,0.0000,5.0000),(2938,25,76,1.0000,0.0000,1.0000),(2939,25,75,2600.0000,0.0000,0.0000),(2940,25,74,1.0000,0.0000,0.0000),(2941,25,73,150.0000,0.0000,200.0000),(2942,25,71,3.0000,0.0000,3.0000),(2943,25,70,2.0000,0.0000,2.0000),(2944,25,69,1.0000,0.0000,0.0000),(2945,25,68,13.0000,0.0000,0.0000),(2946,25,66,6.0000,0.0000,0.0000),(2947,25,65,475.0000,0.0000,350.0000),(2948,25,64,24.0000,0.0000,0.0000),(2949,25,61,36.0000,0.0000,0.0000),(2950,25,60,24.0000,0.0000,0.0000),(2951,25,59,12.0000,0.0000,0.0000),(2952,25,56,20.0000,0.0000,0.0000),(2953,25,53,307.0000,0.0000,0.0000),(2954,25,46,7.0000,0.0000,8.0000),(2955,25,44,1800.0000,0.0000,700.0000),(2956,25,42,50.0000,0.0000,0.0000),(2957,25,41,40.0000,0.0000,0.0000),(2958,25,38,20.0000,0.0000,0.0000),(2959,25,37,50.0000,0.0000,0.0000),(2960,25,36,40.0000,0.0000,0.0000),(2961,25,34,110.0000,0.0000,0.0000),(2962,25,33,66.0000,0.0000,0.0000),(2963,25,25,100.0000,0.0000,0.0000),(2964,25,22,10.0000,0.0000,10.0000),(2965,25,19,150.0000,0.0000,0.0000),(2966,25,18,200.0000,0.0000,0.0000),(2967,25,17,200.0000,0.0000,0.0000),(2968,25,16,98.0000,0.0000,0.0000),(2969,25,14,30.0000,0.0000,0.0000),(2970,25,13,150.0000,0.0000,0.0000),(2971,25,12,81.0000,0.0000,0.0000),(2972,25,11,20.0000,0.0000,0.0000),(2973,25,10,400.0000,0.0000,0.0000),(2974,25,9,200.0000,0.0000,0.0000),(2975,25,7,10.0000,0.0000,0.0000),(2976,25,6,80.0000,-140.0000,0.0000),(2977,25,5,5.0000,-2.0000,0.0000),(2978,26,547,150.0000,150.0000,150.0000),(2979,26,546,2.0000,2.0000,2.0000),(2980,26,545,2.0000,2.0000,2.0000),(2981,26,544,20.0000,20.0000,0.0000),(2982,26,543,1.0000,0.0000,0.0000),(2983,26,542,1.0000,0.0000,0.0000),(2984,26,541,1.0000,0.0000,0.0000),(2985,26,540,500.0000,0.0000,0.0000),(2986,26,539,200.0000,0.0000,0.0000),(2987,26,538,20.0000,0.0000,0.0000),(2988,26,537,200.0000,0.0000,0.0000),(2989,26,536,30.0000,0.0000,0.0000),(2990,26,535,500.0000,0.0000,0.0000),(2991,26,534,2.0000,0.0000,0.0000),(2992,26,533,550.0000,0.0000,0.0000),(2993,26,532,50.0000,0.0000,0.0000),(2994,26,531,10.0000,0.0000,0.0000),(2995,26,530,12.0000,0.0000,0.0000),(2996,26,529,12.0000,0.0000,0.0000),(2997,26,528,12.0000,0.0000,0.0000),(2998,26,527,10.0000,0.0000,0.0000),(2999,26,526,50.0000,0.0000,0.0000),(3000,26,525,50.0000,0.0000,0.0000),(3001,26,524,150.0000,0.0000,0.0000),(3002,26,523,30.0000,0.0000,0.0000),(3003,26,522,100.0000,0.0000,0.0000),(3004,26,521,500.0000,0.0000,0.0000),(3005,26,520,735.0000,0.0000,0.0000),(3006,26,519,1.0000,0.0000,0.0000),(3007,26,500,3000.0000,0.0000,0.0000),(3008,26,498,10.0000,0.0000,0.0000),(3009,26,497,14.0000,45.0000,0.0000),(3010,26,496,40.0000,63.0000,0.0000),(3011,26,495,40.0000,0.0000,0.0000),(3012,26,494,30.0000,0.0000,0.0000),(3013,26,493,8.0000,0.0000,0.0000),(3014,26,492,30.0000,0.0000,0.0000),(3015,26,491,20.0000,0.0000,0.0000),(3016,26,490,60.0000,0.0000,0.0000),(3017,26,489,10.0000,10.0000,0.0000),(3018,26,488,50.0000,0.0000,0.0000),(3019,26,487,50.0000,0.0000,0.0000),(3020,26,486,20.0000,0.0000,0.0000),(3021,26,485,20.0000,20.0000,0.0000),(3022,26,484,10.0000,10.0000,0.0000),(3023,26,483,3.0000,6.0000,0.0000),(3024,26,481,47.0000,120.0000,0.0000),(3025,26,479,100.0000,0.0000,0.0000),(3026,26,478,27.0000,26.0000,0.0000),(3027,26,477,500.0000,0.0000,0.0000),(3028,26,476,400.0000,400.0000,0.0000),(3029,26,475,3600.0000,0.0000,0.0000),(3030,26,474,1675.0000,0.0000,0.0000),(3031,26,472,5.0000,5.0000,0.0000),(3032,26,470,30.0000,0.0000,0.0000),(3033,26,465,100.0000,75.0000,0.0000),(3034,26,464,1000.0000,150.0000,0.0000),(3035,26,462,4.0000,3.0000,0.0000),(3036,26,461,130.0000,0.0000,0.0000),(3037,26,449,50.0000,50.0000,0.0000),(3038,26,448,1600.0000,0.0000,0.0000),(3039,26,447,3000.0000,3000.0000,0.0000),(3040,26,443,30.0000,30.0000,0.0000),(3041,26,442,100.0000,100.0000,0.0000),(3042,26,441,1.0000,5.0000,0.0000),(3043,26,439,120.0000,80.0000,0.0000),(3044,26,438,375.0000,0.0000,0.0000),(3045,26,437,100.0000,100.0000,0.0000),(3046,26,436,50.0000,50.0000,0.0000),(3047,26,435,1411.0000,1500.0000,0.0000),(3048,26,434,9.0000,131.0000,0.0000),(3049,26,433,45.0000,14.0000,0.0000),(3050,26,432,10.0000,24.0000,0.0000),(3051,26,431,4.0000,100.0000,0.0000),(3052,26,417,1090.0000,1090.0000,0.0000),(3053,26,415,28.0000,15.0000,0.0000),(3054,26,414,10.0000,0.0000,0.0000),(3055,26,413,60.0000,0.0000,0.0000),(3056,26,412,2.0000,0.0000,0.0000),(3057,26,411,540.0000,0.0000,0.0000),(3058,26,410,795.0000,1600.0000,0.0000),(3059,26,409,5.0000,5.0000,0.0000),(3060,26,408,7.0000,0.0000,0.0000),(3061,26,404,2.0000,0.0000,0.0000),(3062,26,400,29.0000,27.0000,0.0000),(3063,26,399,200.0000,200.0000,0.0000),(3064,26,397,500.0000,500.0000,0.0000),(3065,26,395,30.0000,41.0000,0.0000),(3066,26,394,5.0000,5.0000,0.0000),(3067,26,393,4.0000,2.0000,0.0000),(3068,26,392,20.0000,0.0000,0.0000),(3069,26,391,60.0000,60.0000,0.0000),(3070,26,390,5.0000,20.0000,0.0000),(3071,26,389,5.0000,55.0000,0.0000),(3072,26,387,200.0000,600.0000,0.0000),(3073,26,386,50.0000,50.0000,0.0000),(3074,26,384,2.0000,2.0000,0.0000),(3075,26,383,2000.0000,1425.0000,0.0000),(3076,26,382,1650.0000,1800.0000,0.0000),(3077,26,381,300.0000,300.0000,0.0000),(3078,26,380,3.0000,3.0000,0.0000),(3079,26,379,2000.0000,2400.0000,0.0000),(3080,26,378,500.0000,1000.0000,0.0000),(3081,26,376,43.0000,0.0000,0.0000),(3082,26,375,30.0000,0.0000,0.0000),(3083,26,374,300.0000,300.0000,0.0000),(3084,26,373,100.0000,0.0000,0.0000),(3085,26,369,500.0000,0.0000,0.0000),(3086,26,354,3.0000,0.0000,0.0000),(3087,26,343,97.0000,59.0000,0.0000),(3088,26,341,24.0000,0.0000,0.0000),(3089,26,340,44.0000,334.0000,0.0000),(3090,26,339,100.0000,0.0000,0.0000),(3091,26,338,1.0000,1.0000,0.0000),(3092,26,337,2.0000,2.0000,0.0000),(3093,26,336,1.0000,0.0000,0.0000),(3094,26,334,50.0000,50.0000,0.0000),(3095,26,331,60.0000,0.0000,0.0000),(3096,26,330,16.0000,16.0000,0.0000),(3097,26,327,3.0000,0.0000,0.0000),(3098,26,326,3420.0000,8160.0000,0.0000),(3099,26,325,5.0000,8.0000,0.0000),(3100,26,322,175.0000,300.0000,0.0000),(3101,26,321,100.0000,0.0000,0.0000),(3102,26,320,175.0000,0.0000,0.0000),(3103,26,282,300.0000,600.0000,0.0000),(3104,26,281,600.0000,0.0000,0.0000),(3105,26,280,2.0000,0.0000,0.0000),(3106,26,275,450.0000,0.0000,0.0000),(3107,26,274,16.0000,6.0000,0.0000),(3108,26,273,24.0000,0.0000,0.0000),(3109,26,272,101.0000,0.0000,0.0000),(3110,26,270,400.0000,0.0000,0.0000),(3111,26,269,6000.0000,0.0000,0.0000),(3112,26,267,5000.0000,0.0000,0.0000),(3113,26,266,50.0000,50.0000,0.0000),(3114,26,265,100.0000,100.0000,0.0000),(3115,26,264,100.0000,100.0000,0.0000),(3116,26,263,50.0000,50.0000,0.0000),(3117,26,262,1.0000,0.0000,0.0000),(3118,26,261,1.0000,0.0000,0.0000),(3119,26,260,1.0000,0.0000,0.0000),(3120,26,245,4.0000,4.0000,0.0000),(3121,26,229,180.0000,0.0000,0.0000),(3122,26,226,250.0000,0.0000,0.0000),(3123,26,220,20.0000,5.0000,0.0000),(3124,26,219,200.0000,0.0000,0.0000),(3125,26,217,7.0000,0.0000,0.0000),(3126,26,214,10.0000,0.0000,0.0000),(3127,26,213,1.0000,0.0000,0.0000),(3128,26,211,130.0000,100.0000,0.0000),(3129,26,208,3000.0000,400.0000,0.0000),(3130,26,205,100.0000,0.0000,0.0000),(3131,26,204,150.0000,0.0000,0.0000),(3132,26,201,10.0000,0.0000,0.0000),(3133,26,190,10.0000,0.0000,0.0000),(3134,26,184,100.0000,0.0000,0.0000),(3135,26,182,60.0000,0.0000,0.0000),(3136,26,143,10.0000,0.0000,0.0000),(3137,26,141,500.0000,0.0000,0.0000),(3138,26,140,300.0000,0.0000,0.0000),(3139,26,138,60.0000,0.0000,0.0000),(3140,26,134,200.0000,0.0000,0.0000),(3141,26,133,200.0000,0.0000,0.0000),(3142,26,131,22.0000,0.0000,0.0000),(3143,26,130,125.0000,55.0000,0.0000),(3144,26,121,10.0000,0.0000,0.0000),(3145,26,120,50.0000,0.0000,0.0000),(3146,26,114,261.0000,261.0000,0.0000),(3147,26,113,2.0000,4.0000,0.0000),(3148,26,107,4.0000,0.0000,0.0000),(3149,26,106,5.0000,5.0000,0.0000),(3150,26,105,29.0000,17.0000,0.0000),(3151,26,103,4.0000,2.0000,0.0000),(3152,26,102,5.0000,2.0000,0.0000),(3153,26,100,4.0000,4.0000,0.0000),(3154,26,99,8.0000,6.0000,0.0000),(3155,26,98,1.0000,2.0000,0.0000),(3156,26,96,2.0000,0.0000,0.0000),(3157,26,95,2.0000,2.0000,0.0000),(3158,26,92,5.0000,0.0000,0.0000),(3159,26,89,140.0000,0.0000,0.0000),(3160,26,87,40.0000,30.0000,0.0000),(3161,26,85,3.0000,0.0000,0.0000),(3162,26,84,65.0000,0.0000,0.0000),(3163,26,83,200.0000,0.0000,0.0000),(3164,26,82,40.0000,0.0000,0.0000),(3165,26,81,95.0000,95.0000,0.0000),(3166,26,80,2.0000,2.0000,0.0000),(3167,26,79,20.0000,0.0000,0.0000),(3168,26,78,6.0000,5.0000,0.0000),(3169,26,76,1.0000,1.0000,0.0000),(3170,26,75,2600.0000,0.0000,0.0000),(3171,26,74,1.0000,0.0000,0.0000),(3172,26,73,150.0000,200.0000,0.0000),(3173,26,71,3.0000,3.0000,0.0000),(3174,26,70,2.0000,2.0000,0.0000),(3175,26,69,1.0000,0.0000,0.0000),(3176,26,68,13.0000,0.0000,0.0000),(3177,26,66,6.0000,0.0000,0.0000),(3178,26,65,475.0000,350.0000,0.0000),(3179,26,64,24.0000,0.0000,0.0000),(3180,26,61,36.0000,0.0000,0.0000),(3181,26,60,24.0000,0.0000,0.0000),(3182,26,59,12.0000,0.0000,0.0000),(3183,26,56,20.0000,0.0000,0.0000),(3184,26,53,307.0000,0.0000,0.0000),(3185,26,46,7.0000,8.0000,0.0000),(3186,26,44,1800.0000,700.0000,0.0000),(3187,26,42,50.0000,0.0000,0.0000),(3188,26,41,40.0000,0.0000,0.0000),(3189,26,38,20.0000,0.0000,0.0000),(3190,26,37,50.0000,0.0000,0.0000),(3191,26,36,40.0000,0.0000,0.0000),(3192,26,34,110.0000,0.0000,0.0000),(3193,26,33,66.0000,0.0000,0.0000),(3194,26,25,100.0000,0.0000,0.0000),(3195,26,22,10.0000,10.0000,0.0000),(3196,26,19,150.0000,0.0000,0.0000),(3197,26,18,200.0000,0.0000,0.0000),(3198,26,17,200.0000,0.0000,0.0000),(3199,26,16,98.0000,0.0000,0.0000),(3200,26,14,30.0000,0.0000,0.0000),(3201,26,13,150.0000,0.0000,0.0000),(3202,26,12,81.0000,0.0000,0.0000),(3203,26,11,20.0000,0.0000,0.0000),(3204,26,10,400.0000,0.0000,0.0000),(3205,26,9,200.0000,0.0000,0.0000),(3206,26,7,10.0000,0.0000,0.0000),(3207,26,6,80.0000,-140.0000,0.0000),(3208,26,5,5.0000,-2.0000,0.0000);
/*!40000 ALTER TABLE `inventory_record` ENABLE KEYS */;
UNLOCK TABLES;

--
-- Table structure for table `sales_company`
--

DROP TABLE IF EXISTS `sales_company`;
/*!40101 SET @saved_cs_client     = @@character_set_client */;
/*!50503 SET character_set_client = utf8mb4 */;
CREATE TABLE `sales_company` (
  `id` int(10) unsigned NOT NULL AUTO_INCREMENT,
  `name` varchar(100) NOT NULL,
  `id_admin` int(11) NOT NULL,
  `time_create` datetime DEFAULT NULL,
  `is_deleted` tinyint(1) DEFAULT NULL,
  PRIMARY KEY (`id`),
  UNIQUE KEY `id_UNIQUE` (`id`)
) ENGINE=InnoDB AUTO_INCREMENT=29 DEFAULT CHARSET=utf8mb4 COLLATE=utf8mb4_0900_ai_ci;
/*!40101 SET character_set_client = @saved_cs_client */;

--
-- Dumping data for table `sales_company`
--

LOCK TABLES `sales_company` WRITE;
/*!40000 ALTER TABLE `sales_company` DISABLE KEYS */;
INSERT INTO `sales_company` VALUES (10,'信州区第二人民医院',23,'2020-01-14 10:22:05',0),(11,'上药控股上饶市医药股份有限公司',23,'2020-02-28 10:09:40',0),(12,'江西奥诺贸易有限公司',23,'2020-02-28 10:10:48',0),(13,'江西新源医药有限公司',23,'2020-02-28 10:11:25',0),(14,'深圳贝瑞牙科器材有限公司',23,'2020-02-28 10:12:23',0),(15,'预入库',23,'2020-03-31 09:59:28',0),(16,'上饶市江城医疗器械有限责任公司',23,'2020-05-07 10:36:35',0),(17,'上饶市好饶医医疗器械有限公司',23,'2020-05-07 10:39:37',0),(18,'南昌庆亚科技有限公司',23,'2020-05-07 10:42:08',0),(19,'江西天新医疗器械有限公司',23,'2020-06-09 10:22:08',0),(20,'上饶市爱心大药房连锁有限公司',23,'2020-06-29 15:19:18',0),(21,'江西好饶医药器械有限公司',23,'2020-06-29 15:53:58',0),(22,'盘点',23,'2020-07-07 10:54:03',0),(23,'江西华信生物医药有限公司',23,'2020-08-24 09:46:46',0),(24,'江西亚页科技有限公司',23,'2020-08-24 09:49:38',0),(25,'江西聚博佰信商贸有限公司',23,'2020-10-27 08:44:14',0),(26,'江西固迎医疗设备有限公司',23,'2020-12-23 09:49:07',0),(27,'江西佳禾辉贸易有限公司',23,'2021-01-08 15:57:29',0),(28,'上年结余实物',23,'2021-02-19 10:30:40',0);
/*!40000 ALTER TABLE `sales_company` ENABLE KEYS */;
UNLOCK TABLES;

--
-- Table structure for table `sales_contract`
--

DROP TABLE IF EXISTS `sales_contract`;
/*!40101 SET @saved_cs_client     = @@character_set_client */;
/*!50503 SET character_set_client = utf8mb4 */;
CREATE TABLE `sales_contract` (
  `id` int(10) unsigned NOT NULL AUTO_INCREMENT,
  `id_company` int(11) NOT NULL,
  `id_admin` int(11) NOT NULL,
  `time_sign` datetime NOT NULL,
  `time_create` datetime NOT NULL,
  `photo_urls` text,
  `comment` varchar(1000) DEFAULT NULL,
  `is_deleted` tinyint(1) DEFAULT NULL,
  PRIMARY KEY (`id`),
  KEY `id_admin_idx` (`id_admin`),
  CONSTRAINT `fk_admin_id` FOREIGN KEY (`id_admin`) REFERENCES `sys_admin` (`id`)
) ENGINE=InnoDB AUTO_INCREMENT=66 DEFAULT CHARSET=utf8mb4 COLLATE=utf8mb4_0900_ai_ci;
/*!40101 SET character_set_client = @saved_cs_client */;

--
-- Dumping data for table `sales_contract`
--

LOCK TABLES `sales_contract` WRITE;
/*!40000 ALTER TABLE `sales_contract` DISABLE KEYS */;
INSERT INTO `sales_contract` VALUES (1,6,21,'2019-11-24 12:56:58','2019-11-24 12:56:58','','',1),(2,7,21,'2019-11-27 13:12:28','2019-11-27 13:12:28','','',1),(8,7,21,'2019-12-08 14:07:33','2019-12-08 14:07:33',NULL,'',1),(9,1,21,'2019-12-14 13:20:49','2019-12-14 13:20:49','','',1),(10,4,21,'2019-12-26 00:00:00','2019-12-14 13:33:01','','',1),(11,1,21,'2020-01-10 00:00:00','2020-01-06 09:44:34','','',1),(12,7,21,'2020-01-08 00:00:00','2020-01-13 11:31:24','','',1),(13,10,23,'2020-01-01 00:00:00','2020-01-14 10:22:05','','上年结存',0),(14,10,23,'2020-01-01 00:00:00','2020-01-14 10:27:00','','',1),(15,10,23,'2020-01-01 00:00:00','2020-01-14 10:27:27','','',1),(16,11,23,'2020-02-20 00:00:00','2020-02-28 10:09:40','','',0),(17,12,23,'2020-02-20 00:00:00','2020-02-28 10:10:48','','',0),(18,13,23,'2020-02-20 00:00:00','2020-02-28 10:11:25','','',0),(19,14,23,'2020-02-20 00:00:00','2020-02-28 10:12:23','','',0),(20,0,23,'2020-01-20 00:00:00','2020-03-05 14:53:24','','',0),(21,15,23,'2020-03-31 00:00:00','2020-03-31 09:34:31','','',0),(22,11,23,'2020-04-30 00:00:00','2020-05-07 10:19:24','','',0),(23,16,23,'2020-04-30 00:00:00','2020-05-07 10:37:01','','',0),(24,17,23,'2020-04-30 00:00:00','2020-05-07 10:40:09','','',0),(25,18,23,'2020-04-30 00:00:00','2020-05-07 10:42:22','','',0),(26,0,23,'2020-04-20 00:00:00','2020-05-15 11:07:26','','',0),(27,14,23,'2020-05-20 00:00:00','2020-06-01 11:21:24','','',0),(28,19,23,'2020-05-20 00:00:00','2020-06-09 10:22:08','','',0),(29,13,23,'2020-05-20 00:00:00','2020-06-09 11:09:12','','',0),(30,0,23,'2020-05-20 00:00:00','2020-06-11 08:53:00','','',0),(31,20,23,'2020-06-20 00:00:00','2020-06-29 15:19:18','','',0),(32,12,23,'2020-06-20 00:00:00','2020-06-29 15:27:09','','',0),(33,13,23,'2020-06-20 00:00:00','2020-06-29 15:38:22','','',0),(34,19,23,'2020-06-20 00:00:00','2020-06-29 15:42:17','','',0),(35,21,23,'2020-06-20 00:00:00','2020-06-29 15:53:58','','',0),(36,16,23,'2020-06-20 00:00:00','2020-06-29 15:55:40','','',0),(37,18,23,'2020-06-20 00:00:00','2020-06-29 15:57:21','','',0),(38,0,23,'2020-06-20 00:00:00','2020-06-29 16:37:03','','',0),(39,22,23,'2020-06-20 00:00:00','2020-07-07 10:54:03','','',0),(40,0,23,'2020-06-30 00:00:00','2020-07-07 11:03:09','','',0),(41,0,23,'2020-07-17 00:00:00','2020-08-24 08:40:50','','',0),(42,23,23,'2020-08-15 00:00:00','2020-08-24 09:46:46','','',0),(43,24,23,'2020-08-15 00:00:00','2020-08-24 09:49:38','','',0),(44,14,23,'2020-09-20 00:00:00','2020-09-22 10:17:35','','',0),(45,0,23,'2020-09-20 00:00:00','2020-09-22 10:30:02','','',0),(46,19,23,'2020-10-20 00:00:00','2020-10-26 09:18:22','','',0),(47,13,23,'2020-10-20 00:00:00','2020-10-26 10:38:13','','',0),(48,12,23,'2020-10-20 00:00:00','2020-10-26 10:43:54','','',0),(49,0,23,'2020-10-20 00:00:00','2020-10-26 14:12:34','','',0),(50,25,23,'2020-10-20 00:00:00','2020-10-27 08:44:28','','',0),(51,18,23,'2020-11-20 00:00:00','2020-11-19 10:42:57','','',0),(52,0,23,'2020-11-20 00:00:00','2020-11-19 10:54:49','','',0),(53,26,23,'2020-12-20 00:00:00','2020-12-23 09:50:08','','',0),(54,19,23,'2020-12-20 00:00:00','2020-12-23 10:00:05','','',0),(55,13,23,'2020-12-20 00:00:00','2020-12-23 10:25:50','','',0),(56,12,23,'2020-12-20 00:00:00','2020-12-23 10:30:08','','',0),(57,18,23,'2020-12-20 00:00:00','2020-12-23 10:36:09','','',0),(58,0,23,'2020-12-20 00:00:00','2020-12-23 10:50:09','','',0),(59,27,23,'2021-01-08 00:00:00','2021-01-08 15:57:52','','',0),(60,19,23,'2021-01-20 00:00:00','2021-01-28 15:21:32','','',0),(61,12,23,'2021-01-20 00:00:00','2021-01-28 15:41:03','','',0),(62,18,23,'2021-01-20 00:00:00','2021-01-28 15:45:59','','',0),(63,12,23,'2021-02-04 00:00:00','2021-02-04 10:47:36','','',0),(64,28,23,'2020-12-31 00:00:00','2021-02-19 10:30:40','','',0),(65,13,23,'2020-12-31 00:00:00','2021-03-09 08:53:47','','',0);
/*!40000 ALTER TABLE `sales_contract` ENABLE KEYS */;
UNLOCK TABLES;

--
-- Table structure for table `sales_goods`
--

DROP TABLE IF EXISTS `sales_goods`;
/*!40101 SET @saved_cs_client     = @@character_set_client */;
/*!50503 SET character_set_client = utf8mb4 */;
CREATE TABLE `sales_goods` (
  `id` int(10) unsigned NOT NULL AUTO_INCREMENT,
  `id_contract` bigint(20) unsigned NOT NULL,
  `name_product` varchar(200) NOT NULL,
  `type` varchar(100) DEFAULT NULL,
  `name_factory` varchar(200) DEFAULT NULL,
  `unit` varchar(40) DEFAULT NULL,
  `amount` decimal(12,4) NOT NULL,
  `price_unit` decimal(12,4) NOT NULL,
  `price_total` decimal(12,4) DEFAULT NULL,
  `batch_number` varchar(100) DEFAULT NULL,
  `validity_period` datetime DEFAULT NULL,
  `approval_number` varchar(45) DEFAULT NULL,
  `comment` varchar(1000) DEFAULT NULL,
  `photo_urls` varchar(1000) DEFAULT NULL,
  `id_admin` int(11) NOT NULL,
  `time_add` datetime NOT NULL,
  `amount_stock` decimal(12,4) DEFAULT '0.0000',
  PRIMARY KEY (`id`),
  UNIQUE KEY `id_UNIQUE` (`id`)
) ENGINE=InnoDB AUTO_INCREMENT=548 DEFAULT CHARSET=utf8mb4 COLLATE=utf8mb4_0900_ai_ci;
/*!40101 SET character_set_client = @saved_cs_client */;

--
-- Dumping data for table `sales_goods`
--

LOCK TABLES `sales_goods` WRITE;
/*!40000 ALTER TABLE `sales_goods` DISABLE KEYS */;
INSERT INTO `sales_goods` VALUES (5,1,'子宫颈钳','弯','上海医疗器械有限公司','把',5.0000,185.0000,925.0000,'170302','2021-03-20 00:00:00','','','',21,'2019-12-06 09:52:28',-2.0000),(6,1,'一次性使用帽子','A型手工帽','江西长青','只',200.0000,1.0000,200.0000,'100102','2021-03-20 00:00:00','','','',21,'2019-12-06 09:53:50',-140.0000),(7,2,'子宫颈钳','弯','上海医疗器械有限公司','把',10.0000,185.0000,1850.0000,'170305','2029-02-01 00:00:00','','','',21,'2019-12-06 09:56:55',0.0000),(8,2,'一次性医用帽子','条形（中号）','新乡市华西卫材有限公司','个',200.0000,1.0000,200.0000,'190806','2021-08-05 00:00:00','','','',21,'2019-12-06 09:57:34',-200.0000),(9,1,'无菌敷贴','6*7cm','青岛海诺生物工程有限公司','片',200.0000,3.0000,600.0000,'190501','2022-05-02 00:00:00','','','',21,'2019-12-06 09:58:10',0.0000),(10,1,'一次性医用帽子','条形（中号）','新乡市华西卫材有限公司','个',400.0000,1.0000,400.0000,'190806','2021-08-05 00:00:00','','','',21,'2019-12-06 09:58:43',0.0000),(11,8,'子宫颈钳','条形（中号）','江西长青','把',20.0000,3.6000,72.0000,'170302','2025-02-01 00:00:00','','','',21,'2019-12-08 14:09:13',0.0000),(12,8,'无菌敷贴','6*7cm','山东德胜制药','片',200.0000,2.5000,500.0000,'190501','2021-05-02 00:00:00','','','',21,'2019-12-08 14:10:26',0.0000),(13,8,'手术用帽子','6*7cm','江西长青','个',150.0000,2.5000,375.0000,'170302','2021-03-20 00:00:00','','','',21,'2019-12-14 15:42:14',0.0000),(14,10,'子宫颈钳','条形（中号）','上海医疗器械有限公司','把',30.0000,3.6000,108.0000,'190501','2029-02-01 00:00:00','','','',21,'2019-12-14 15:43:14',0.0000),(15,10,'5毫升注射器','5ML','江西长青','个',200.0000,0.4000,80.0000,'445444','2021-08-05 00:00:00','','','',21,'2019-12-18 13:54:09',0.0000),(16,10,'500G棉球','500G','上海医疗器械有限公司','包',100.0000,36.0000,3600.0000,'190501','2020-03-07 00:00:00','','','',21,'2019-12-18 13:54:58',0.0000),(17,9,'一次性配药针头','12#','新乡市华西卫材有限公司','个',300.0000,0.2600,78.0000,'190806','2020-05-16 00:00:00','','','',21,'2019-12-18 13:55:53',0.0000),(18,10,'帽子1','6*7cm','江西长青','个',200.0000,3.6000,720.0000,'170302','2021-03-20 00:00:00','','','',21,'2020-01-08 15:20:04',0.0000),(19,10,'帽子2','6*7cm','上海医疗器械有限公司','个',150.0000,2.5000,375.0000,'190501','2021-08-05 00:00:00','','','',21,'2020-01-08 15:20:23',0.0000),(20,10,'帽子3','6*7cm','新乡市华西卫材有限公司','个',30.0000,0.4000,12.0000,'190806','2020-03-07 00:00:00','','','',21,'2020-01-08 15:20:43',0.0000),(21,10,'帽子4','6*7cm','上海医疗器械有限公司','个',100.0000,0.2600,26.0000,'445444','2021-08-05 00:00:00','','','',21,'2020-01-08 15:21:03',0.0000),(22,13,'医用棉签','10CM','江西长青','包',46.0000,8.0000,368.0000,'20200101','2020-12-01 00:00:00','','','',23,'2020-01-14 10:25:06',10.0000),(23,13,'棉球','500G','阜达卫生材料','包',13.0000,36.0000,468.0000,'20200101','2020-12-01 00:00:00','','','',23,'2020-01-14 10:26:11',-1.0000),(24,13,'2ML注射器','2ML','江西科伦','支',200.0000,0.4000,80.0000,'20200101','2020-12-01 00:00:00','','','',23,'2020-01-14 10:28:53',0.0000),(25,13,'1ML注射器','1ML','江西科伦','支',300.0000,0.4000,120.0000,'20200101','2020-12-01 00:00:00','','','',23,'2020-01-14 10:31:11',0.0000),(26,13,'5ML注射器','5ML','江西科伦','支',200.0000,0.4000,80.0000,'20200101','2020-12-01 00:00:00','','','',23,'2020-01-14 10:32:20',0.0000),(27,13,'10ML注射器','10ML','江西科伦','支',1410.0000,0.5800,817.8000,'20200101','2020-12-01 00:00:00','','','',23,'2020-01-14 10:35:02',0.0000),(28,13,'输液器（皮条）','6.5#','江西益康','根',4225.0000,0.9000,3802.5000,'20200101','2020-12-01 00:00:00','','','',23,'2020-02-24 10:31:21',-451.0000),(29,13,'5.5#输液器针头','5.5#','江西锦胜','支',600.0000,0.2800,168.0000,'20200101','2020-12-01 00:00:00','','','',23,'2020-02-24 10:32:33',0.0000),(30,13,'配药针头','12#','江西格兰斯','支',100.0000,0.2600,26.0000,'20200101','2020-12-01 00:00:00','','','',23,'2020-02-24 10:34:08',0.0000),(31,13,'20/29留置针','','威海洁瑞','',84.0000,20.0000,1680.0000,'20200101','2020-12-01 00:00:00','','','',23,'2020-02-24 10:34:57',0.0000),(32,13,'一次性手术产包','中号','江西长青','',15.0000,13.5000,202.5000,'20200101','2020-12-01 00:00:00','','','',23,'2020-02-24 10:36:03',0.0000),(33,13,'一次性导尿包','','扬州众仁','',90.0000,20.0000,1800.0000,'20200101','2020-12-01 00:00:00','','','',23,'2020-02-24 10:37:00',0.0000),(34,13,'一次性引流连接导管','','扬州众仁','',130.0000,6.0000,780.0000,'20200101','2020-12-01 00:00:00','','','',23,'2020-02-24 10:37:53',0.0000),(35,13,'一次性阴道扩张器','','南昌翔羽','只',775.0000,1.5000,1162.5000,'20200101','2020-12-01 00:00:00','','','',23,'2020-02-24 10:38:46',0.0000),(36,13,'0#非吸收线','','上海金环','根',40.0000,6.0000,240.0000,'20200101','2020-12-01 00:00:00','','','',23,'2020-02-24 10:39:53',0.0000),(37,13,'7#非吸收线','7#','上海金环','束',50.0000,6.0000,300.0000,'20200101','2020-12-31 00:00:00','','','',23,'2020-02-24 15:58:32',0.0000),(38,13,'一次性子宫造影管','','扬州桂龙','根',70.0000,5.8000,406.0000,'20200101','2020-12-31 00:00:00','','','',23,'2020-02-24 16:00:54',0.0000),(39,13,'成人鼻导输氧管','','扬州众仁','根',200.0000,1.2000,240.0000,'20200101','2020-12-31 00:00:00','','','',23,'2020-02-24 16:02:04',-120.0000),(40,13,'7号灭菌手套','7#','江西恒生','双',50.0000,2.3500,117.5000,'20200101','2020-12-31 00:00:00','','','',23,'2020-02-24 16:02:55',0.0000),(41,13,'8号灭菌手套','8#','扬州洋生','双',50.0000,2.3500,117.5000,'20200101','2020-12-31 00:00:00','','','',23,'2020-02-24 16:03:44',0.0000),(42,13,'7.5号灭菌手套','7.5#','扬州晶星','双',50.0000,2.3500,117.5000,'20200101','2020-12-31 00:00:00','','','',23,'2020-02-24 16:04:25',0.0000),(43,13,'医用纸胶布','','山东华晨医疗','合',6.0000,13.0000,78.0000,'20200101','2020-12-31 00:00:00','','','',23,'2020-02-24 16:05:23',0.0000),(44,13,'静脉输液贴','','江西安康','片',6800.0000,0.0400,272.0000,'20200101','2020-12-31 00:00:00','','','',23,'2020-02-24 16:06:03',700.0000),(45,13,'50/60妇检垫','50*60','南昌翔羽','块',1780.0000,0.9500,1691.0000,'20200101','2020-12-31 00:00:00','','','',23,'2020-02-24 16:06:52',0.0000),(46,13,'气垫','','天津佳禾','只',7.0000,55.0000,385.0000,'20200101','2020-12-31 00:00:00','','','',23,'2020-02-24 16:07:46',8.0000),(47,13,'500毫升碘伏','500ML','江西汇康','瓶',34.0000,5.5000,187.0000,'20200101','2020-12-31 00:00:00','','','',23,'2020-02-24 16:08:39',0.0000),(48,13,'100毫升碘伏','100ML','江西汇康','瓶',73.0000,2.5000,182.5000,'20200101','2020-12-31 00:00:00','','','',23,'2020-02-24 16:09:15',0.0000),(49,13,'75﹪酒精（小）','','','瓶',19.0000,2.3000,43.7000,'20200101','2020-12-31 00:00:00','','','',23,'2020-02-24 16:09:59',0.0000),(50,13,'75﹪酒精','500ML','江西汇康','瓶',10.0000,9.8000,98.0000,'20200101','2020-12-31 00:00:00','','','',23,'2020-02-24 16:10:33',0.0000),(51,13,'95﹪酒精','500ML','江西汇康','瓶',12.0000,9.8000,117.6000,'20200101','2020-12-31 00:00:00','','','',23,'2020-02-24 16:11:05',0.0000),(52,13,'戊二醛','','','壶',9.0000,22.0000,198.0000,'20200101','2020-12-31 00:00:00','','','',23,'2020-02-24 16:11:34',0.0000),(53,13,'灭菌指示卡','','山东新华医疗','片',307.0000,0.1100,33.7700,'20200101','2020-12-31 00:00:00','','','',23,'2020-02-24 16:12:08',0.0000),(54,13,'紫外线灯管','','','根',1.0000,140.0000,140.0000,'20200101','2020-12-31 00:00:00','','','',23,'2020-02-24 16:12:53',0.0000),(55,13,'80/120 一次性中单','80*120','江西松鹤','块',10.0000,3.6000,36.0000,'20200101','2020-12-31 00:00:00','','','',23,'2020-02-24 16:13:33',0.0000),(56,13,'84消毒液','','江西汇康','瓶',120.0000,2.6000,312.0000,'20200101','2020-12-31 00:00:00','','','',23,'2020-02-24 16:14:01',0.0000),(57,13,'可吸收缝合线','1#','上海金环','根',24.0000,34.0000,816.0000,'20200101','2020-12-31 00:00:00','','','',23,'2020-02-24 16:14:39',0.0000),(58,13,'1°可吸收缝合线','1-0','上海金环','根',24.0000,34.0000,816.0000,'20200101','2020-12-31 00:00:00','','','',23,'2020-02-24 16:15:16',0.0000),(59,13,'3°可吸收缝合线','4-0','上海金环','根',12.0000,34.0000,408.0000,'20200101','2020-12-31 00:00:00','','','',23,'2020-02-24 16:15:51',0.0000),(60,13,'2°可吸收缝合线','2-0','上海金环','根',24.0000,34.0000,816.0000,'20200101','2020-12-31 00:00:00','','','',23,'2020-02-24 16:16:24',0.0000),(61,13,'5°可吸收缝合线','5-0','上海金环','根',36.0000,34.0000,1224.0000,'20200101','2020-12-31 00:00:00','','','',23,'2020-02-24 16:17:19',0.0000),(62,13,'小纱布块','8*8*8','新乡市康贝尔','块',8500.0000,0.3500,2975.0000,'20200101','2020-12-31 00:00:00','','','',23,'2020-02-24 16:18:09',-2880.0000),(63,13,'仿皮布','','','米',1.0000,68.0000,68.0000,'20200101','2020-12-31 00:00:00','','','',23,'2020-02-24 16:18:38',0.0000),(64,13,'一次性脸盆、大便器等','','','套',50.0000,13.5000,675.0000,'20200101','2020-12-31 00:00:00','','','',23,'2020-02-24 16:19:09',0.0000),(65,13,'20/25纱布块','20*25','新乡市康贝尔','块',475.0000,9.8000,4655.0000,'20200101','2020-12-31 00:00:00','','','',23,'2020-02-24 16:19:56',350.0000),(66,13,'血压计','','上海鱼跃','台',6.0000,90.0000,540.0000,'20200101','2020-12-31 00:00:00','','','',23,'2020-02-24 16:20:35',0.0000),(67,13,'一次性手术帽子','','江西长青','只',100.0000,0.3500,35.0000,'20200101','2020-12-31 00:00:00','','','',23,'2020-02-24 16:21:10',0.0000),(68,13,'温脉仪','','','台',13.0000,73.0000,949.0000,'20200101','2020-12-31 00:00:00','','','',23,'2020-02-24 16:21:47',0.0000),(69,13,'灭菌指示标签','','','本',1.0000,59.0000,59.0000,'20200101','2020-12-31 00:00:00','','','',23,'2020-02-24 16:22:32',0.0000),(70,13,'胎心筒（大）','','','个',2.0000,13.0000,26.0000,'20200101','2020-12-31 00:00:00','','','',23,'2020-02-24 16:23:05',2.0000),(71,13,'胎心筒（小）','','','个',3.0000,10.0000,30.0000,'20200101','2020-12-31 00:00:00','','','',23,'2020-02-24 16:23:29',3.0000),(72,13,'鹅颈灯','','','台',1.0000,195.0000,195.0000,'20200101','2020-12-31 00:00:00','','','',23,'2020-02-24 16:24:01',0.0000),(73,13,'一次性床套','90*230','江西松鹤','张',260.0000,9.8000,2548.0000,'20200101','2020-12-31 00:00:00','','','',23,'2020-02-24 16:24:40',200.0000),(74,13,'温湿度计','','','个',1.0000,270.0000,270.0000,'20200101','2020-12-31 00:00:00','','','',23,'2020-02-24 16:25:06',0.0000),(75,13,'瓶口贴','','扬州华盛','片',3200.0000,0.0800,256.0000,'20200101','2020-12-31 00:00:00','','','',23,'2020-02-24 16:25:33',0.0000),(76,13,'简易呼吸器','','','套',1.0000,350.0000,350.0000,'20200101','2020-12-31 00:00:00','','','',23,'2020-02-24 16:26:02',1.0000),(77,13,'氧气流量表','','','台',3.0000,180.0000,540.0000,'20200101','2020-12-31 00:00:00','','','',23,'2020-02-24 16:26:33',0.0000),(78,13,'单用听诊器','','','套',9.0000,28.0000,252.0000,'20200101','2020-12-31 00:00:00','','','',23,'2020-02-24 16:26:55',5.0000),(79,13,'体温计','','','支',20.0000,3.0000,60.0000,'20200101','2020-12-31 00:00:00','','','',23,'2020-02-24 16:27:21',0.0000),(80,13,'铝合金药箱','','','个',3.0000,80.0000,240.0000,'20200101','2020-12-31 00:00:00','','','',23,'2020-02-24 16:27:49',2.0000),(81,13,'尿壶','','','个',100.0000,5.5000,550.0000,'20200101','2020-12-31 00:00:00','','','',23,'2020-02-24 16:28:12',95.0000),(82,13,'灭菌用水','','','瓶',40.0000,2.4300,97.2000,'20200101','2020-12-31 00:00:00','','','',23,'2020-02-24 16:28:39',0.0000),(83,13,'灭菌敷贴','6*7','','片',200.0000,5.8000,1160.0000,'20200101','2020-12-31 00:00:00','','','',23,'2020-02-24 16:29:08',0.0000),(84,13,'小儿雾化面罩','','江西三星','个',65.0000,16.0000,1040.0000,'20200101','2020-12-31 00:00:00','','','',23,'2020-02-24 16:29:36',0.0000),(85,13,'绷带','','','包',5.0000,21.9000,109.5000,'20200101','2020-12-31 00:00:00','','','',23,'2020-02-24 16:30:03',0.0000),(86,13,'弹力绷带7.5','7.5*4.5','苏州美迪斯','个',84.0000,24.5000,2058.0000,'20200101','2020-12-31 00:00:00','','','',23,'2020-02-24 16:30:48',0.0000),(87,13,'病历夹','','','个',40.0000,36.0000,1440.0000,'20200101','2020-12-31 00:00:00','','','',23,'2020-02-24 16:31:13',30.0000),(88,13,'一次性止血带','','扬州龙虎','合',5.0000,90.0000,450.0000,'20200101','2020-12-31 00:00:00','','','',23,'2020-02-24 16:31:47',0.0000),(89,13,'一次性口罩','','南昌朝阳','个',1000.0000,0.2700,270.0000,'20200101','2020-12-31 00:00:00','','','',23,'2020-02-24 16:32:30',0.0000),(90,13,'薄膜手套','','南昌益民','双',5000.0000,0.1000,500.0000,'20200101','2020-12-31 00:00:00','','','',23,'2020-02-24 16:32:53',0.0000),(91,13,'乳胶手套','','江西恒生','双',432.0000,0.9000,388.8000,'20200101','2020-12-31 00:00:00','','','',23,'2020-02-24 16:33:18',0.0000),(92,13,'成人雾化面罩','','','个',5.0000,19.8000,99.0000,'20200101','2020-12-31 00:00:00','','','',23,'2020-02-24 16:33:45',0.0000),(93,13,'免洗手液','','','瓶',30.0000,48.0000,1440.0000,'20200101','2020-12-31 00:00:00','','','',23,'2020-02-24 16:34:12',0.0000),(94,13,'电子血压计','','','台',2.0000,90.0000,180.0000,'20200101','2020-12-31 00:00:00','','','',23,'2020-02-24 16:34:40',0.0000),(95,13,'不锈钢阴道扩张器','','','个',2.0000,65.0000,130.0000,'20200101','2020-12-31 00:00:00','','','',23,'2020-02-24 16:35:07',2.0000),(96,13,'B超记录纸','','','本',2.0000,168.0000,336.0000,'20200101','2020-12-31 00:00:00','','','',23,'2020-02-24 16:35:34',0.0000),(97,13,'耦合剂','','','瓶',40.0000,7.8000,312.0000,'20200101','2020-12-31 00:00:00','','','',23,'2020-02-24 16:35:58',0.0000),(98,13,'紫外线车','','','台',2.0000,580.0000,1160.0000,'20200101','2020-12-31 00:00:00','','','',23,'2020-02-24 16:36:21',2.0000),(99,13,'生活垃圾桶','','','个',8.0000,80.0000,640.0000,'20200101','2020-12-31 00:00:00','','','',23,'2020-02-24 16:36:42',6.0000),(100,13,'宫内取环勾','','','把',4.0000,28.0000,112.0000,'20200101','2020-12-31 00:00:00','','','',23,'2020-02-24 16:37:06',4.0000),(101,13,'拆线剪','','','把',2.0000,88.0000,176.0000,'20200101','2020-12-31 00:00:00','','','',23,'2020-02-24 16:37:33',0.0000),(102,13,'手术剪','16CM','','把',5.0000,88.0000,440.0000,'20200101','2020-12-31 00:00:00','','','',23,'2020-02-24 16:38:01',2.0000),(103,13,'手术剪','12.5CM','','把',4.0000,86.0000,344.0000,'20200101','2020-12-31 00:00:00','','','',23,'2020-02-24 16:38:34',2.0000),(104,13,'激光胶片','','','片',500.0000,12.0000,6000.0000,'20200101','2020-12-31 00:00:00','','','',23,'2020-02-24 16:39:01',0.0000),(105,13,'砂轮','','','个',29.0000,0.5000,14.5000,'20200101','2020-12-31 00:00:00','','','',23,'2020-02-24 16:39:24',17.0000),(106,13,'宫内取环钳','','','把',5.0000,295.0000,1475.0000,'20200101','2020-12-31 00:00:00','','','',23,'2020-02-24 16:39:48',5.0000),(107,13,'子宫颈钳','','','把',4.0000,185.0000,740.0000,'20200101','2020-12-31 00:00:00','','','',23,'2020-02-24 16:40:09',0.0000),(108,13,'输血器','','','支',40.0000,3.5000,140.0000,'20200101','2020-12-31 00:00:00','','','',23,'2020-02-24 16:40:31',0.0000),(109,16,'75%酒精','','江西健宝','壶',1.0000,91.2000,91.2000,'20200129','2022-01-28 00:00:00','','','',23,'2020-02-28 10:14:25',0.0000),(110,16,'外科口罩','','佛山市康复医疗设备厂','',500.0000,12.9200,6460.0000,'19120204','2021-12-01 00:00:00','','','',23,'2020-02-28 10:15:47',0.0000),(111,17,'妇检垫','50*60','江西翔翊','块',3000.0000,0.9500,2850.0000,'01','2021-12-01 00:00:00','','','',23,'2020-02-28 10:18:16',0.0000),(112,17,'一次性阴道扩张器','','江西淑兰','个',1200.0000,1.5000,1800.0000,'02','2021-12-01 00:00:00','','','',23,'2020-02-28 10:19:20',0.0000),(113,17,'脚踏吸引器','','上海仙申、上海斯曼峰','台',5.0000,785.0000,3925.0000,'03','2021-12-01 00:00:00','','','',23,'2020-02-28 10:20:47',4.0000),(114,17,'一次性脸盆、便盆套装','','江西','套',300.0000,14.5000,4350.0000,'04','2021-12-01 00:00:00','','','',23,'2020-02-28 10:21:55',261.0000),(115,17,'床扶手','','南昌保盛','付',25.0000,290.0000,7250.0000,'05','2021-12-01 00:00:00','','','',23,'2020-02-28 10:22:55',0.0000),(116,17,'ABS单摇床','','南昌保盛','张',3.0000,1920.0000,5760.0000,'06','2021-12-01 00:00:00','','','',23,'2020-02-28 10:23:58',0.0000),(117,19,'义齿加工','','深圳','批',1.0000,2890.0000,2890.0000,'1','2020-12-31 00:00:00','','','',23,'2020-02-28 10:26:31',0.0000),(118,18,'一次性止血带','小号','扬州','条',250.0000,1.8000,450.0000,'20190509','2021-05-09 00:00:00','','','',23,'2020-02-28 10:28:27',0.0000),(119,18,'一次性输液泵','2ML/H','江苏华泰','只',5.0000,48.0000,240.0000,'2019108','2021-01-07 00:00:00','','','',23,'2020-02-28 10:29:49',0.0000),(120,18,'压敏胶带','1*1500*10','桐乡市康龙','筒',50.0000,20.0000,1000.0000,'190918','2021-09-19 00:00:00','','','',23,'2020-02-28 10:31:20',0.0000),(121,18,'医用真丝非吸收缝线','2-0','扬州市金环医疗器械厂','束',10.0000,6.0000,60.0000,'20171016','2020-10-15 00:00:00','','','',23,'2020-02-29 09:51:00',0.0000),(122,18,'医用超声耦合剂','250ml','天津市南开区成信医用辅助材料厂','瓶',60.0000,7.8000,468.0000,'20190806','2021-08-05 00:00:00','','','',23,'2020-02-29 09:52:48',0.0000),(123,18,'一次性医用帽子','条形（中号）','新乡市华西卫材有限公司','个',200.0000,0.6000,120.0000,'190806','2021-08-05 00:00:00','','','',23,'2020-02-29 09:54:13',0.0000),(124,18,'一次性使用医用橡胶检查手套','小号','江西恒生实业有限公司','双',300.0000,0.9000,270.0000,'20190709','2021-07-08 00:00:00','','','',23,'2020-02-29 09:55:25',0.0000),(125,18,'一次性使用医用橡胶检查手套','中号','江西恒生实业有限公司','双',300.0000,0.9000,270.0000,'20190709','2021-07-08 00:00:00','','','',23,'2020-02-29 09:56:37',0.0000),(126,18,'一次性使用无菌敷贴','10cm*15cm','嘉兴美森医用材料有限公司','片',29.0000,5.8000,168.2000,'18090501','2021-10-07 00:00:00','','','',23,'2020-02-29 09:57:51',0.0000),(127,18,'一次性使用静脉留置针','20G','上海正邦医疗制品有限公司','支',20.0000,20.0000,400.0000,'20180419','2021-04-19 00:00:00','','','',23,'2020-02-29 09:59:19',0.0000),(128,18,'一次性使用静脉留置针','20G*19mm/Y-G','威海洁瑞医用制品有限公司','支',20.0000,20.0000,400.0000,'180321','2021-03-21 00:00:00','','','',23,'2020-02-29 10:00:43',0.0000),(129,18,'一次性使用鼻氧管','单鼻塞','扬州众仁医疗器械有限公司','支',100.0000,1.2000,120.0000,'20190506','2021-05-05 00:00:00','','','',23,'2020-02-29 10:02:08',0.0000),(130,18,'生物护婴脐带','50mm*70mm*','江西玖玖生物卫生材料有限公司','个',125.0000,2.7300,341.2500,'20190301','2021-02-28 00:00:00','','','',23,'2020-02-29 10:04:00',55.0000),(131,18,'非吸收性外科缝线','7号','扬州（上海）金环','束',22.0000,6.0000,132.0000,'20180105','2021-01-04 00:00:00','','','',23,'2020-02-29 10:05:04',0.0000),(132,18,'一次性注射器','5ml','江西锦胜医疗器械有限公司','支',500.0000,0.4000,200.0000,'20180302','2021-03-01 00:00:00','','','',23,'2020-02-29 10:07:39',0.0000),(133,18,'一次性使用静脉输液针（静脉针）','0.7*247WLB','江西洪达医疗器械集团有限公司','支',200.0000,0.2800,56.0000,'20180713','2020-07-12 00:00:00','','','',23,'2020-02-29 10:09:05',0.0000),(134,18,'一次性使用静脉输液针','0.5mm*19','江西洪达医疗器械集团有限公司','支',200.0000,0.2800,56.0000,'20191103','2021-11-02 00:00:00','','','',23,'2020-02-29 10:10:08',0.0000),(135,18,'碘伏','500ml','江西汇康实业有限公司','瓶',40.0000,5.5000,220.0000,'20190910','2021-09-09 00:00:00','','','',23,'2020-02-29 10:11:02',0.0000),(136,18,'84消毒液','500g','江西汇康实业有限公司','瓶',40.0000,2.6000,104.0000,'20191107','2020-11-06 00:00:00','','','',23,'2020-02-29 10:11:45',0.0000),(137,18,'一次性使用无菌敷贴','10cm*25cm','嘉兴美森医用材料有限公司','片',20.0000,5.8000,116.0000,'19042201','2022-05-16 00:00:00','','','',23,'2020-02-29 10:12:52',0.0000),(138,18,'一次性使用输注泵','2ml/h','江苏华泰医疗器械有限公司','只',60.0000,48.0000,2880.0000,'20190625','2021-06-24 00:00:00','','','',23,'2020-02-29 10:14:18',0.0000),(139,18,'血糖试条','安慰型50支/盒','三诺生物传染股份有限公司','份',500.0000,3.2000,1600.0000,'920611','2021-06-20 00:00:00','','','',23,'2020-02-29 10:15:56',0.0000),(140,18,'一次性使用医用橡胶检查手套','小号','江西恒生实业有限公司','双',500.0000,0.9000,450.0000,'20190709','2021-07-08 00:00:00','','','',23,'2020-02-29 10:17:07',0.0000),(141,18,'一次性使用医用橡胶检查手套','中号','江苏恒生实业有限公司','双',500.0000,0.9000,450.0000,'20190709','2021-07-08 00:00:00','','','',23,'2020-02-29 10:17:57',0.0000),(142,18,'过氧化氢消毒液（双氧水）','500ml','江西汇康实业有限公司','瓶',20.0000,5.5000,110.0000,'20190905','2021-09-09 00:00:00','','','',23,'2020-02-29 10:19:09',0.0000),(143,18,'碘伏','500ml','江西汇康实业有限公司','瓶',80.0000,5.5000,440.0000,'20190910','2021-09-09 00:00:00','','','',23,'2020-02-29 10:19:48',0.0000),(144,18,'95％酒精消毒液','500ml','江西汇康实业有限公司','瓶',30.0000,9.8000,294.0000,'20191203','2021-12-02 00:00:00','','','',23,'2020-02-29 10:20:48',0.0000),(145,18,'（碘伏）络合碘消毒液 ‖型','60ml','江西汇康实业有限公司','瓶',160.0000,2.3000,368.0000,'20191111','2021-11-10 00:00:00','','','',23,'2020-02-29 10:22:54',0.0000),(146,20,'缝合针','三角 11*34','','支',50.0000,4.5000,225.0000,'20200101','2020-12-31 00:00:00','','','',23,'2020-03-05 14:56:00',0.0000),(147,20,'缝合针','10*28','','支',50.0000,4.5000,225.0000,'20200101','2020-12-31 00:00:00','','','',23,'2020-03-06 17:53:39',0.0000),(148,20,'婴儿护脐','','','个',25.0000,2.7300,68.2500,'20200101','2020-12-31 00:00:00','','','',23,'2020-03-06 17:55:13',0.0000),(149,20,'纱布绷带','','','个',5.0000,21.9000,109.5000,'20200101','2020-12-31 00:00:00','','','',23,'2020-03-06 17:59:54',0.0000),(150,20,'雾化器','','','个',5.0000,16.0000,80.0000,'20200101','2020-12-31 00:00:00','','','',23,'2020-03-06 18:03:10',0.0000),(151,20,'纸胶','','','合',1.0000,13.0000,13.0000,'20200101','2020-12-31 00:00:00','','','',23,'2020-03-06 18:07:12',0.0000),(152,20,'消毒指示卡','','','片',3000.0000,0.1100,330.0000,'20200101','2020-12-31 00:00:00','','','',23,'2020-03-06 18:09:48',0.0000),(153,20,'头皮针','','','个',200.0000,0.2800,56.0000,'20200101','2020-12-31 00:00:00','','','',23,'2020-03-06 18:16:22',0.0000),(154,20,'纸胶','','','合',2.0000,13.0000,26.0000,'20200101','2020-12-31 00:00:00','','','',23,'2020-03-06 18:19:08',0.0000),(155,20,'纸胶','','','合',2.0000,13.0000,26.0000,'20200101','2020-12-31 00:00:00','','','',23,'2020-03-11 10:55:05',0.0000),(156,20,'中单','','','块',50.0000,3.6000,180.0000,'20200101','2020-12-31 00:00:00','','','',23,'2020-03-11 11:10:08',0.0000),(157,20,'护脐','','','块',50.0000,2.7300,136.5000,'20200101','2020-12-31 00:00:00','','','',23,'2020-03-11 11:11:56',0.0000),(158,20,'留置针贴膜','','','块',15.0000,4.5000,67.5000,'20200101','2020-12-31 00:00:00','','','',23,'2020-03-11 11:13:30',0.0000),(159,20,'藕和剂','','','瓶',1.0000,7.8000,7.8000,'20200101','2020-12-31 00:00:00','','','',23,'2020-03-11 11:14:57',0.0000),(160,20,'凡士林纱布','','','块',80.0000,4.0000,320.0000,'20200101','2020-12-31 00:00:00','','','',23,'2020-03-11 11:19:13',0.0000),(161,20,'一次性手术刀片','','','片',100.0000,1.5000,150.0000,'20200101','2020-12-31 00:00:00','','','',23,'2020-03-11 11:20:26',0.0000),(162,20,'电刀头','','','把',25.0000,80.0000,2000.0000,'20200101','2020-12-31 00:00:00','','','',23,'2020-03-11 11:21:24',0.0000),(163,20,'纸胶','','','合',2.0000,13.0000,26.0000,'20200101','2020-12-31 00:00:00','','','',23,'2020-03-11 15:32:46',0.0000),(164,20,'凡士林纱布','','','块',10.0000,4.0000,40.0000,'20200101','2020-12-31 00:00:00','','','',23,'2020-03-11 15:37:12',0.0000),(165,20,'留置针贴膜','','','块',10.0000,4.5000,45.0000,'20200101','2020-12-31 00:00:00','','','',23,'2020-03-11 15:38:38',0.0000),(166,20,'留置针贴膜','','','块',10.0000,4.5000,45.0000,'20200101','2020-12-31 00:00:00','','','',23,'2020-03-11 15:41:47',0.0000),(167,20,'纸胶','','','合',2.0000,13.0000,26.0000,'20200101','2020-12-31 00:00:00','','','',23,'2020-03-11 15:43:44',0.0000),(168,20,'薄膜手套','','','双',2200.0000,0.1000,220.0000,'20200101','2020-12-31 00:00:00','','','',23,'2020-03-12 10:31:53',0.0000),(169,21,'留置针贴膜','','','片',2.0000,4.5000,9.0000,'20200101','2020-12-31 00:00:00','','','',23,'2020-03-31 09:35:15',0.0000),(170,20,'乳胶手套','','','双',1336.0000,0.9000,1202.4000,'20200101','2020-12-31 00:00:00','','','',23,'2020-03-31 09:42:48',0.0000),(171,20,'乳胶手套','','','双',400.0000,0.9000,360.0000,'20200101','2020-12-31 00:00:00','','','',23,'2020-03-31 09:46:17',0.0000),(172,20,'紫外线灯管','','','根',2.0000,140.0000,280.0000,'20200101','2020-12-31 00:00:00','','','',23,'2020-03-31 09:48:56',0.0000),(173,20,'中单','','','块',29.0000,3.6000,104.4000,'20200101','2020-12-31 00:00:00','','','',23,'2020-03-31 09:50:13',0.0000),(174,21,'压敏胶带','','','米',100.0000,1.8000,180.0000,'20200101','2020-12-31 00:00:00','','','',23,'2020-03-31 10:00:08',0.0000),(175,21,'输液泵','','','个',60.0000,48.0000,2880.0000,'20200101','2020-12-31 00:00:00','','','',23,'2020-03-31 10:02:23',0.0000),(176,21,'10ML注射器','','','支',90.0000,0.5800,52.2000,'20200101','2020-12-31 00:00:00','','','',23,'2020-03-31 10:17:12',0.0000),(177,21,'纸胶','','','合',4.0000,13.0000,52.0000,'20200101','2020-12-31 00:00:00','','','',23,'2020-03-31 10:19:29',0.0000),(178,21,'10ML注射器','','','支',300.0000,0.5800,174.0000,'20200101','2020-12-31 00:00:00','','','',23,'2020-03-31 10:21:51',0.0000),(179,21,'薄膜手套','','','双',3000.0000,0.1000,300.0000,'20200101','2020-12-31 00:00:00','','','',23,'2020-03-31 10:24:30',0.0000),(180,21,'纸胶','','','合',2.0000,13.0000,26.0000,'20200101','2020-12-31 00:00:00','','','',23,'2020-03-31 10:28:37',0.0000),(181,21,'薄膜手套','','','双',1000.0000,0.1000,100.0000,'20200101','2020-12-31 00:00:00','','','',23,'2020-03-31 10:30:55',0.0000),(182,22,'灭菌用水','','','瓶',60.0000,2.5000,150.0000,'20200101','2020-12-31 00:00:00','','','',23,'2020-05-07 10:20:56',0.0000),(183,23,'口腔器械','','','批',1.0000,3260.0000,3260.0000,'20200101','2020-12-31 00:00:00','','','',23,'2020-05-07 10:38:03',0.0000),(184,24,'隔物灸','','','合',100.0000,52.1700,5217.0000,'20200101','2020-12-31 00:00:00','','','',23,'2020-05-07 10:40:47',0.0000),(185,25,'南昌庆亚科技有限公司器械一批','','','批',1.0000,40221.0000,40221.0000,'20200101','2020-12-31 00:00:00','','','/UploadFile/image/2020/05/07/GxgW2aW4lmb96S.jpg,/UploadFile/image/2020/05/07/WDYbaPVRjML8DN.jpg,/UploadFile/image/2020/05/07/OulXI4FSiNar1A.jpg,/UploadFile/image/2020/05/07/SuozQEL7qLUdgm.jpg,/UploadFile/image/2020/05/07/mI0QBg24wC5TdE.jpg,/UploadFile/image/2020/05/07/IevsyycduHxwt9.jpg,/UploadFile/image/2020/05/07/Fi6NQXyRNaCFxZ.jpg,/UploadFile/image/2020/05/07/FUAtMKRmdufhas.jpg,/UploadFile/image/2020/05/07/n7huY2cxatupqg.jpg,/UploadFile/image/2020/05/07/C351ubfvvTGE4R.jpg,/UploadFile/image/2020/05/07/eQYGQPoksc37B6.jpg,/UploadFile/image/2020/05/07/kka8KB5Eh8GOsP.jpg,/UploadFile/image/2020/05/07/ebCmMD6TFBDIw5.jpg,/UploadFile/image/2020/05/07/o3mKTbAWdcnyZ8.jpg,/UploadFile/image/2020/05/07/OXqj2gxPTVXkRY.jpg',23,'2020-05-07 10:52:41',0.0000),(186,25,'一次性口罩','','','',6000.0000,2.0000,12000.0000,'20200101','2020-12-31 00:00:00','','','',23,'2020-05-07 10:54:07',0.0000),(187,25,'可吸收线','','','束',24.0000,33.0000,792.0000,'20200101','2020-12-31 00:00:00','','','',23,'2020-05-07 10:55:26',0.0000),(188,25,'体温计','','','支',10.0000,2.7000,27.0000,'20200101','2020-12-31 00:00:00','','','',23,'2020-05-07 10:56:13',0.0000),(189,25,'高频手术电极','','','把',15.0000,75.0000,1125.0000,'20190305','2021-03-05 00:00:00','','','',23,'2020-05-07 10:57:42',0.0000),(190,25,'非吸收线','','','束',10.0000,6.0000,60.0000,'1181105','2021-11-04 00:00:00','','','',23,'2020-05-07 10:59:00',0.0000),(191,26,'注射器','10CM','','支',150.0000,0.5800,87.0000,'20200101','2020-12-31 00:00:00','','','',23,'2020-05-15 11:08:19',0.0000),(192,26,'薄膜手套','','','双',1000.0000,0.1000,100.0000,'20200101','2020-12-31 00:00:00','','','',23,'2020-05-15 11:11:58',0.0000),(193,26,'注射器','10CM','','支',300.0000,0.5800,174.0000,'20200101','2020-12-31 00:00:00','','','',23,'2020-05-15 11:13:29',0.0000),(194,26,'注射器','10CM','','支',3300.0000,0.5800,1914.0000,'20200101','2020-12-31 00:00:00','','','',23,'2020-05-15 11:18:04',0.0000),(195,26,'婴儿护脐','','','片',19.0000,2.7300,51.8700,'20200101','2020-12-31 00:00:00','','','',23,'2020-05-15 11:22:15',0.0000),(196,26,'成人鼻导输氧管','','','支',100.0000,1.2000,120.0000,'20200101','2020-12-31 00:00:00','','','',23,'2020-05-15 11:24:30',0.0000),(197,26,'中单','','','块',20.0000,3.6000,72.0000,'20200101','2020-12-31 00:00:00','','','',23,'2020-05-15 11:28:39',0.0000),(198,26,'留置针贴膜','','','片',3.0000,4.5000,13.5000,'20200101','2020-12-31 00:00:00','','','',23,'2020-05-15 11:33:31',0.0000),(199,27,'牙科器械','','','批',1.0000,2830.0000,2830.0000,'20200520','2020-12-31 00:00:00','','','',23,'2020-06-01 11:22:51',0.0000),(200,28,'输液器（皮条）','','','支',1000.0000,0.9000,900.0000,'20200101','2020-12-31 00:00:00','','','',23,'2020-06-09 10:22:53',0.0000),(201,28,'酒精','','','壶',10.0000,55.0000,550.0000,'20200101','2020-12-31 00:00:00','','','',23,'2020-06-09 10:24:00',0.0000),(202,28,'隔离衣','','','件',20.0000,280.0000,5600.0000,'20200101','2020-12-31 00:00:00','','','',23,'2020-06-09 10:25:23',0.0000),(203,28,'一次性无菌敷贴','','','片',60.0000,2.2000,132.0000,'20200101','2020-12-31 00:00:00','','','',23,'2020-06-09 10:27:05',0.0000),(204,28,'一次性无菌敷贴','','','片',150.0000,5.8000,870.0000,'20200101','2020-12-31 00:00:00','','','',23,'2020-06-09 10:28:09',0.0000),(205,28,'一次性无菌敷贴','','','片',150.0000,5.8000,870.0000,'20200101','2020-12-31 00:00:00','','','',23,'2020-06-09 10:29:06',0.0000),(206,28,'医用检查手套','','','双',200.0000,1.7000,340.0000,'20200101','2020-12-31 00:00:00','','','',23,'2020-06-09 10:30:08',0.0000),(207,28,'一次性外科灭菌手套','','','双',400.0000,4.0000,1600.0000,'20200101','2020-12-31 00:00:00','','','',23,'2020-06-09 10:32:17',0.0000),(208,28,'注射器','2ML','','支',3000.0000,0.4000,1200.0000,'20200101','2020-12-31 00:00:00','','','',23,'2020-06-09 10:33:21',400.0000),(209,28,'注射器','1ML','','支',200.0000,0.3500,70.0000,'20200101','2020-12-31 00:00:00','','','',23,'2020-06-09 10:34:09',0.0000),(210,28,'无菌阴道扩张器','','','个',2000.0000,1.5000,3000.0000,'20200101','2020-12-31 00:00:00','','','',23,'2020-06-09 10:35:34',0.0000),(211,28,'凡士林纱布','','','块',160.0000,2.5000,400.0000,'20200101','2020-12-31 00:00:00','','','',23,'2020-06-09 10:37:03',100.0000),(212,28,'超声多普勒胎心仪','','','台',1.0000,680.0000,680.0000,'20200101','2020-12-31 00:00:00','','','',23,'2020-06-09 10:38:19',0.0000),(213,28,'脱脂棉球','','','包',10.0000,36.0000,360.0000,'20200101','2020-12-31 00:00:00','','','',23,'2020-06-09 10:39:32',0.0000),(214,28,'紫外线杀菌灯','','','台',10.0000,55.0000,550.0000,'20200101','2020-12-31 00:00:00','','','',23,'2020-06-09 10:40:31',0.0000),(215,28,'一次性鼻氧管','','','根',200.0000,1.2000,240.0000,'20200101','2020-12-31 00:00:00','','','',23,'2020-06-09 10:41:46',0.0000),(216,28,'注射器','10ML','','支',3600.0000,0.5800,2088.0000,'20200101','2020-12-31 00:00:00','','','',23,'2020-06-09 10:42:49',0.0000),(217,28,'免洗手液','','','瓶',30.0000,48.0000,1440.0000,'20200101','2020-12-31 00:00:00','','','',23,'2020-06-09 10:43:40',0.0000),(218,28,'高频手术电极','','','支',25.0000,80.0000,2000.0000,'20200101','2020-12-31 00:00:00','','','',23,'2020-06-09 10:44:33',0.0000),(219,28,'无菌敷贴','','','片',200.0000,2.5000,500.0000,'20200101','2020-12-31 00:00:00','','','',23,'2020-06-09 10:51:03',0.0000),(220,28,'一次性产包','','','个',20.0000,19.0000,380.0000,'20200101','2020-12-31 00:00:00','','','',23,'2020-06-09 10:52:16',5.0000),(221,28,'KN90口罩','','','个',100.0000,20.0000,2000.0000,'20200101','2020-12-31 00:00:00','','','',23,'2020-06-09 10:53:45',0.0000),(222,28,'一次性棉口罩','','','个',500.0000,1.5000,750.0000,'20200101','2020-12-31 00:00:00','','','',23,'2020-06-09 10:54:40',0.0000),(223,28,'一次性输液器','','','支',1500.0000,0.9000,1350.0000,'20200101','2020-12-31 00:00:00','','','',23,'2020-06-09 10:55:27',0.0000),(224,28,'担架','','','张',1.0000,580.0000,580.0000,'20200101','2020-12-31 00:00:00','','','',23,'2020-06-09 10:56:11',0.0000),(225,28,'注射器','10ML','','支',1200.0000,0.5800,696.0000,'20200101','2020-06-23 00:00:00','','','',23,'2020-06-09 10:57:00',0.0000),(226,28,'注射器','2ML','','支',300.0000,0.4000,120.0000,'20200101','2020-12-31 00:00:00','','','',23,'2020-06-09 10:57:44',0.0000),(227,28,'特定电磁波谱治疗仪','','','片',6.0000,620.0000,3720.0000,'20200101','2020-07-03 00:00:00','','','',23,'2020-06-09 10:59:18',0.0000),(228,28,'护脐器械包','','','片',20.0000,2.7300,54.6000,'20200101','2020-12-31 00:00:00','','','',23,'2020-06-09 11:00:13',0.0000),(229,28,'一次性无菌加药器','','','支',180.0000,1.8000,324.0000,'20200101','2020-12-31 00:00:00','','','',23,'2020-06-09 11:01:15',0.0000),(230,28,'一次性输液器','','','支',1000.0000,0.9000,900.0000,'20200101','2020-12-31 00:00:00','','','',23,'2020-06-09 11:02:32',0.0000),(231,28,'一次性口罩','','','个',100.0000,1.5000,150.0000,'20200101','2020-12-31 00:00:00','','','',23,'2020-06-09 11:04:23',0.0000),(232,28,'一次性口罩','','','个',300.0000,1.7000,510.0000,'20200101','2020-12-31 00:00:00','','','',23,'2020-06-09 11:05:14',0.0000),(233,28,'江康乙醇消毒液','','','壶',10.0000,55.0000,550.0000,'20200101','2020-12-31 00:00:00','','','',23,'2020-06-09 11:06:22',0.0000),(234,28,'江康84消毒液','','','瓶',240.0000,8.0000,1920.0000,'20200101','2020-12-31 00:00:00','','','',23,'2020-06-09 11:07:17',0.0000),(235,28,'江康乙醇消毒液','','','瓶',60.0000,10.0000,600.0000,'20200101','2020-12-31 00:00:00','','','',23,'2020-06-09 11:08:26',0.0000),(236,29,'一次性橡胶检查手套','','','双',50.0000,1.7000,85.0000,'20200101','2020-12-31 00:00:00','','','',23,'2020-06-09 11:11:21',0.0000),(237,29,'无菌敷贴','10*10','','片',43.0000,2.2000,94.6000,'20200101','2020-12-31 00:00:00','','','',23,'2020-06-09 11:13:06',0.0000),(238,29,'白凡士林','','','瓶',10.0000,13.0000,130.0000,'20200101','2020-12-31 00:00:00','','','',23,'2020-06-09 11:14:00',0.0000),(239,29,'一次性阴道扩张器','','','个',145.0000,1.5000,217.5000,'20200101','2020-07-03 00:00:00','','','',23,'2020-06-09 11:15:09',0.0000),(240,29,'一次性灭菌外科手套','','','双',100.0000,4.0000,400.0000,'20200101','2020-12-31 00:00:00','','','',23,'2020-06-09 11:15:51',0.0000),(241,29,'一次性输液器针头','','','支',300.0000,0.2800,84.0000,'20200101','2020-12-31 00:00:00','','','',23,'2020-06-09 11:16:52',0.0000),(242,29,'石膏绷带','','','卷',72.0000,9.5000,684.0000,'20200101','2020-12-31 00:00:00','','','',23,'2020-06-09 11:17:35',0.0000),(243,29,'一次性外科手套','','','双',50.0000,4.0000,200.0000,'20200101','2020-12-31 00:00:00','','','',23,'2020-06-09 11:29:08',0.0000),(244,29,'一次性薄膜手套','','','双',50.0000,5.0000,250.0000,'20200101','2020-12-31 00:00:00','','','',23,'2020-06-09 11:29:48',0.0000),(245,29,'医用棉签','','','包',70.0000,12.0000,840.0000,'20200101','2020-12-31 00:00:00','','','',23,'2020-06-09 11:30:45',4.0000),(246,29,'医用检查手套','','','双',390.0000,1.7000,663.0000,'20200101','2020-12-31 00:00:00','','','',23,'2020-06-09 11:31:33',0.0000),(247,30,'弹力绷带','','','个',1.0000,29.5000,29.5000,'20200101','2020-12-31 00:00:00','','','',23,'2020-06-11 08:54:01',0.0000),(248,30,'雾化器','','','个',3.0000,19.8000,59.4000,'20200101','2020-12-31 00:00:00','','','',23,'2020-06-11 09:00:19',0.0000),(249,30,'纸胶','','','合',2.0000,13.0000,26.0000,'20200101','2020-12-31 00:00:00','','','',23,'2020-06-11 09:02:17',0.0000),(250,30,'纸胶','','','盒',1.0000,13.0000,13.0000,'20200101','2020-12-31 00:00:00','','','',23,'2020-06-11 09:11:27',0.0000),(251,30,'引流管','','','根',150.0000,6.0000,900.0000,'20200101','2020-12-31 00:00:00','','','',23,'2020-06-11 09:21:02',0.0000),(252,30,'纸胶','','','盒',5.0000,13.0000,65.0000,'20200101','2020-12-31 00:00:00','','','',23,'2020-06-11 09:29:49',0.0000),(253,30,'一次性帽子','','','个',40.0000,0.3500,14.0000,'20200101','2020-12-31 00:00:00','','','',23,'2020-06-11 09:59:14',0.0000),(254,30,'组织剪','','','把',2.0000,88.0000,176.0000,'20200101','2020-12-31 00:00:00','','','',23,'2020-06-11 10:04:16',0.0000),(255,30,'弯钳','','','把',1.0000,85.0000,85.0000,'20200101','2020-12-31 00:00:00','','','',23,'2020-06-11 10:05:10',0.0000),(256,30,'特定电磁波谱治疗仪','','','台',4.0000,620.0000,2480.0000,'20200101','2020-12-31 00:00:00','','','',23,'2020-06-11 10:08:01',0.0000),(257,30,'注射器','','','支',50.0000,1.6500,82.5000,'20200101','2020-12-31 00:00:00','','','',23,'2020-06-11 10:30:52',0.0000),(258,30,'牙科器械','','','套',1.0000,2830.0000,2830.0000,'20200101','2020-12-31 00:00:00','','','',23,'2020-06-11 14:41:55',0.0000),(259,30,'乙醇消毒液','','','壶',10.0000,55.0000,550.0000,'20200101','2020-12-31 00:00:00','','','',23,'2020-06-11 16:26:50',0.0000),(260,31,'新冠专用','','','批',1.0000,2245.0000,2245.0000,'20200101','2020-12-31 00:00:00','','','',23,'2020-06-29 15:21:20',0.0000),(261,31,'新冠专用','','','批',1.0000,3175.0000,3175.0000,'20200101','2020-12-31 00:00:00','','','',23,'2020-06-29 15:23:12',0.0000),(262,31,'新冠专用','','','批',1.0000,1965.6000,1965.6000,'20200101','2020-12-31 00:00:00','','','',23,'2020-06-29 15:24:33',0.0000),(263,32,'组合套针','7*17','','包',50.0000,6.8000,340.0000,'20200101','2020-12-31 00:00:00','','','',23,'2020-06-29 15:28:56',50.0000),(264,32,'组合套针','8*24','','包',100.0000,6.8000,680.0000,'20200101','2020-12-31 00:00:00','','','',23,'2020-06-29 15:29:59',100.0000),(265,32,'组合套针','9*24','','包',100.0000,6.8000,680.0000,'20200101','2020-12-31 00:00:00','','','',23,'2020-06-29 15:30:40',100.0000),(266,32,'组合套针','11*34','','包',50.0000,6.8000,340.0000,'20200101','2020-12-31 00:00:00','','','',23,'2020-06-29 15:31:35',50.0000),(267,32,'医用口罩','','','个',5000.0000,1.8000,9000.0000,'20200101','2020-12-31 00:00:00','','','',23,'2020-06-29 15:32:27',0.0000),(268,32,'妇检垫','','','块',3000.0000,1.9000,5700.0000,'20200101','2020-12-31 00:00:00','','','',23,'2020-06-29 15:33:42',0.0000),(269,32,'医用口罩','','','个',6000.0000,2.4000,14400.0000,'20200101','2020-12-31 00:00:00','','','',23,'2020-06-29 15:34:52',0.0000),(270,32,'加厚垫单','','','块',400.0000,7.6000,3040.0000,'20200101','2020-12-31 00:00:00','','','',23,'2020-06-29 15:35:48',0.0000),(271,33,'可吸收线','3*0','','束',7.0000,34.0000,238.0000,'20200101','2020-12-31 00:00:00','','','',23,'2020-06-29 15:39:49',0.0000),(272,33,'一次性鼻氧管','','','根',230.0000,1.2000,276.0000,'20200101','2020-12-31 00:00:00','','','',23,'2020-06-29 15:40:55',0.0000),(273,34,'可吸收线','3*0','','束',36.0000,34.0000,1224.0000,'20200101','2020-12-31 00:00:00','','','',23,'2020-06-29 15:43:25',0.0000),(274,34,'天然皂液','','','瓶',25.0000,18.5000,462.5000,'20200101','2020-12-31 00:00:00','','','',23,'2020-06-29 15:44:24',6.0000),(275,34,'注射器','2ML','','支',450.0000,0.4000,180.0000,'20200101','2020-12-31 00:00:00','','','',23,'2020-06-29 15:45:09',0.0000),(276,34,'注射器','5ML','','支',500.0000,0.4000,200.0000,'20200101','2020-12-31 00:00:00','','','',23,'2020-06-29 15:45:51',0.0000),(277,34,'注射器','1ML','','支',400.0000,0.3500,140.0000,'20200101','2020-12-31 00:00:00','','','',23,'2020-06-29 15:46:33',0.0000),(278,34,'注射器','10CM','','支',2400.0000,0.5800,1392.0000,'20200101','2020-12-31 00:00:00','','','',23,'2020-06-29 15:47:22',0.0000),(279,34,'医用橡胶手套','','','双',500.0000,1.7000,850.0000,'20200101','2020-12-31 00:00:00','','','',23,'2020-06-29 15:48:24',0.0000),(280,34,'血压计','','','台',5.0000,90.0000,450.0000,'20200101','2020-12-31 00:00:00','','','',23,'2020-06-29 15:49:11',0.0000),(281,34,'注射器','2ML','','支',600.0000,0.4000,240.0000,'20200101','2020-12-31 00:00:00','','','',23,'2020-06-29 15:50:21',0.0000),(282,34,'注射器','5ML','','支',500.0000,0.4000,200.0000,'20200101','2020-12-31 00:00:00','','','',23,'2020-06-29 15:51:04',600.0000),(283,34,'注射器','1ML','','支',600.0000,0.3500,210.0000,'20200101','2020-12-31 00:00:00','','','',23,'2020-06-29 15:51:35',0.0000),(284,35,'医用外科口罩','','','个',1000.0000,7.0000,7000.0000,'20200101','2020-12-31 00:00:00','','','',23,'2020-06-29 15:54:54',0.0000),(285,36,'牙科器械','','','套',1.0000,2551.0000,2551.0000,'20200101','2020-12-31 00:00:00','','','',23,'2020-06-29 15:56:20',0.0000),(286,37,'双层包布','80*80','','块',100.0000,38.0000,3800.0000,'20200101','2020-12-31 00:00:00','','','',23,'2020-06-29 15:58:10',0.0000),(287,37,'灭菌组合针','10*28','','包',50.0000,8.0000,400.0000,'20200101','2020-12-31 00:00:00','','','',23,'2020-06-29 15:59:23',0.0000),(288,37,'双层包布','8*80','','块',50.0000,38.0000,1900.0000,'20200101','2020-12-31 00:00:00','','','',23,'2020-06-29 16:00:25',0.0000),(289,37,'当层包布','75*75','','块',50.0000,22.0000,1100.0000,'20200101','2020-12-31 00:00:00','','','',23,'2020-06-29 16:01:22',0.0000),(290,37,'灭菌组合针','11*34','','包',100.0000,8.0000,800.0000,'20200101','2020-12-31 00:00:00','','','',23,'2020-06-29 16:02:25',0.0000),(291,37,'灭菌组合针','10*28','','包',50.0000,8.0000,400.0000,'20200101','2020-12-31 00:00:00','','','',23,'2020-06-29 16:03:09',0.0000),(292,37,'节育环取放器','28cm','','把',13.0000,35.0000,455.0000,'20200101','2020-12-31 00:00:00','','','',23,'2020-06-29 16:04:42',0.0000),(293,37,'不锈钢换药碗','16cm','','把',3.0000,19.0000,57.0000,'20200101','2020-12-31 00:00:00','','','',23,'2020-06-29 16:05:42',0.0000),(294,37,'拆线剪','16cm','','把',3.0000,78.0000,234.0000,'20200101','2020-12-31 00:00:00','','','',23,'2020-06-29 16:06:53',0.0000),(295,37,'辅料镊','16cm','','把',3.0000,26.0000,78.0000,'20200101','2020-12-31 00:00:00','','','',23,'2020-06-29 16:07:49',0.0000),(296,37,'双翼阴道扩张器','','','把',3.0000,120.0000,360.0000,'20200101','2020-12-31 00:00:00','','','',23,'2020-06-29 16:08:46',0.0000),(297,37,'体温计浸泡盒','','','个',10.0000,60.0000,600.0000,'20200101','2020-12-31 00:00:00','','','',23,'2020-06-29 16:09:47',0.0000),(298,37,'油膏缸','8cm','','个',5.0000,12.0000,60.0000,'20200101','2020-12-31 00:00:00','','','',23,'2020-06-29 16:10:40',0.0000),(299,37,'油膏缸','12cm','','个',10.0000,22.0000,220.0000,'20200101','2020-12-31 00:00:00','','','',23,'2020-06-29 16:11:23',0.0000),(300,37,'有盖方盘','','','只',10.0000,50.0000,500.0000,'20200101','2020-12-31 00:00:00','','','',23,'2020-06-29 16:12:22',0.0000),(301,37,'器械栏','','','只',5.0000,320.0000,1600.0000,'20200101','2020-12-31 00:00:00','','','',23,'2020-06-29 16:13:08',0.0000),(303,37,'铝诊盒','20ml','','只',10.0000,7.0000,70.0000,'20200101','2020-12-31 00:00:00','','','',23,'2020-06-29 16:15:40',0.0000),(304,37,'子宫探针','28cm','','把',5.0000,22.0000,110.0000,'20200101','2020-12-31 00:00:00','','','',23,'2020-06-29 16:16:25',0.0000),(305,37,'人流管','','','把',14.0000,33.0000,462.0000,'20200101','2020-12-31 00:00:00','','','',23,'2020-06-29 16:17:09',0.0000),(306,37,'扩宫棒','','','把',11.0000,32.0000,352.0000,'20200101','2020-12-31 00:00:00','','','',23,'2020-06-29 16:18:15',0.0000),(307,37,'医用激光胶片','20*25cm','','块',500.0000,15.0000,7500.0000,'20200101','2020-12-31 00:00:00','','','',23,'2020-06-29 16:19:20',0.0000),(308,38,'体温枪','','','把',1.0000,199.0000,199.0000,'20200101','2020-12-31 00:00:00','','','',23,'2020-06-29 16:37:42',0.0000),(309,38,'急救箱','','','个',1.0000,90.0000,90.0000,'20200101','2020-12-31 00:00:00','','','',23,'2020-06-29 16:39:12',0.0000),(310,38,'胶布','','','盒',2.0000,13.0000,26.0000,'20200101','2020-12-31 00:00:00','','','',23,'2020-06-29 17:00:28',0.0000),(311,38,'雾化器','','','个',2.0000,19.8000,39.6000,'20200101','2020-12-31 00:00:00','','','',23,'2020-06-29 17:01:08',0.0000),(312,38,'薄膜手套','','','双',2000.0000,0.1000,200.0000,'20200101','2020-12-31 00:00:00','','','',23,'2020-06-29 17:01:47',0.0000),(313,38,'过氧化氢','','','瓶',2.0000,1.0000,2.0000,'20200101','2020-12-31 00:00:00','','','',23,'2020-06-29 17:02:34',0.0000),(314,38,'薄膜手套','','','双',1000.0000,0.1000,100.0000,'20200101','2020-12-31 00:00:00','','','',23,'2020-06-30 08:39:36',0.0000),(315,38,'一次性中单','','','张',10.0000,3.6000,36.0000,'20200101','2020-12-31 00:00:00','','','',23,'2020-06-30 08:52:01',0.0000),(316,38,'1号丝线','','','束',10.0000,6.0000,60.0000,'20200101','2020-12-31 00:00:00','','','',23,'2020-06-30 08:52:41',0.0000),(317,38,'薄膜手套','','','双',300.0000,0.1000,30.0000,'20200101','2020-12-31 00:00:00','','','',23,'2020-06-30 09:00:57',0.0000),(318,38,'妇检垫','','','张',90.0000,0.9500,85.5000,'20200101','2020-12-31 00:00:00','','','',23,'2020-06-30 09:06:06',0.0000),(319,38,'妇检垫','','','张',1000.0000,0.9500,950.0000,'20200101','2020-12-31 00:00:00','','','',23,'2020-06-30 09:11:38',0.0000),(320,39,'7.5号灭菌手套','','','双',175.0000,4.0000,700.0000,'2020-01-01','2020-12-12 00:00:00','','','',23,'2020-07-07 10:55:56',0.0000),(321,40,'7号灭菌手套','','','双',100.0000,3.0000,300.0000,'2020-01-01','2020-12-31 00:00:00','','','',23,'2020-07-07 11:04:34',0.0000),(322,40,'7.5号灭菌手套','','','双',175.0000,4.0000,700.0000,'2020-01-01','2020-12-31 00:00:00','','','',23,'2020-07-07 11:05:23',300.0000),(323,40,'纸胶布','','','盒',20.0000,20.0000,400.0000,'2020-01-01','2020-12-31 00:00:00','','','',23,'2020-07-07 11:06:13',0.0000),(324,40,'100ml碘伏','','','瓶',33.0000,2.5000,82.5000,'2020-01-01','2020-12-31 00:00:00','','','',23,'2020-07-07 11:07:10',0.0000),(325,40,'紫外线灯管','','','根',6.0000,140.0000,840.0000,'2020-01-01','2020-12-31 00:00:00','','','',23,'2020-07-07 11:07:58',8.0000),(326,40,'小纱布块','','','块',5000.0000,0.3500,1750.0000,'2020-01-01','2020-12-31 00:00:00','','','',23,'2020-07-07 11:08:51',8160.0000),(327,40,'一次性止血带','','','盒',7.0000,90.0000,630.0000,'2020-01-01','2020-12-31 00:00:00','','','',23,'2020-07-07 11:09:45',0.0000),(328,40,'电子血压计','','','台',2.0000,90.0000,180.0000,'2020-01-01','2020-12-31 00:00:00','','','',23,'2020-07-07 11:10:27',0.0000),(329,40,'电刀头','','','把',10.0000,80.0000,800.0000,'2020-01-01','2020-12-31 00:00:00','','','',23,'2020-07-07 11:11:20',0.0000),(330,40,'双氧水','','','瓶',16.0000,5.5000,88.0000,'2020-01-01','2020-12-31 00:00:00','','','',23,'2020-07-07 11:11:58',16.0000),(331,40,'帽子','','','个',200.0000,0.6000,120.0000,'2020-01-01','2020-12-31 00:00:00','','','',23,'2020-07-07 11:12:30',0.0000),(332,40,'特定电磁波治疗仪','','','台',2.0000,620.0000,1240.0000,'2020-01-01','2020-12-31 00:00:00','','','',23,'2020-07-07 11:13:29',0.0000),(333,40,'4号非吸收线','','','束',25.0000,6.0000,150.0000,'2020-01-01','2020-12-31 00:00:00','','','',23,'2020-07-07 11:14:32',0.0000),(334,40,'6号灭菌手套','','','双',50.0000,4.0000,200.0000,'2020-01-01','2020-12-31 00:00:00','','','',23,'2020-07-07 11:15:18',50.0000),(335,40,'6.5号灭菌手套','','','双',100.0000,4.0000,400.0000,'2020-01-01','2020-12-31 00:00:00','','','',23,'2020-07-07 11:15:57',0.0000),(336,40,'治疗盒','','','个',1.0000,50.0000,50.0000,'2020-01-01','2020-12-31 00:00:00','','','',23,'2020-07-07 11:16:32',0.0000),(337,40,'大呼吸面罩','','','个',2.0000,58.0000,116.0000,'2020-01-01','2020-12-31 00:00:00','','','',23,'2020-07-07 11:17:12',2.0000),(338,40,'拐杖','','','根',1.0000,90.0000,90.0000,'2020-01-01','2020-12-31 00:00:00','','','',23,'2020-07-07 11:17:54',1.0000),(339,40,'一次性大无菌敷贴','','','片',125.0000,5.8000,725.0000,'2020-01-01','2020-12-31 00:00:00','','','',23,'2020-07-07 11:19:03',0.0000),(340,40,'一次性小无菌敷贴','','','片',50.0000,5.8000,290.0000,'2020-01-01','2020-12-31 00:00:00','','','',23,'2020-07-07 11:19:55',334.0000),(341,40,'0号可吸收线','','','束',24.0000,33.0000,792.0000,'2020-01-01','2020-12-31 00:00:00','','','',23,'2020-07-07 11:20:46',0.0000),(342,40,'1号可吸收线','','','束',24.0000,33.0000,792.0000,'2020-01-01','2020-12-31 00:00:00','','','',23,'2020-07-07 11:21:23',-12.0000),(343,40,'50ml注射器','','','只',97.0000,1.6500,160.0500,'2020-01-01','2020-12-31 00:00:00','','','',23,'2020-07-07 11:22:11',59.0000),(344,40,'小儿留置针','','','个',6.0000,20.0000,120.0000,'2020-01-01','2020-12-31 00:00:00','','','',23,'2020-07-07 11:23:25',0.0000),(345,38,'一次性薄膜手套','','','双',7000.0000,0.1000,700.0000,'2020-01-01','2020-12-31 00:00:00','','','',23,'2020-08-21 09:47:30',0.0000),(346,41,'一次性薄膜手套','','','双',7000.0000,0.1000,700.0000,'2020-01-01','2020-12-31 00:00:00','','','',23,'2020-08-24 08:41:44',0.0000),(347,41,'婴儿护脐','','','张',40.0000,2.7300,109.2000,'2020-01-01','2020-12-31 00:00:00','','','',23,'2020-08-24 08:49:29',0.0000),(348,41,'4号丝线','','','束',24.0000,6.0000,144.0000,'2020-01-01','2020-12-31 00:00:00','','','',23,'2020-08-24 08:51:45',0.0000),(349,41,'4号丝线','','','束',10.0000,6.0000,60.0000,'2020-01-01','2020-12-31 00:00:00','','','',23,'2020-08-24 08:57:45',0.0000),(350,41,'一次性吸引管','','','根',50.0000,6.0000,300.0000,'2020-01-01','2020-12-31 00:00:00','','','',23,'2020-08-24 09:22:40',0.0000),(351,41,'一次性中单','','','张',10.0000,3.6000,36.0000,'2020-01-01','2020-12-31 00:00:00','','','',23,'2020-08-24 09:27:19',0.0000),(353,41,'留置针贴膜','','','张',6.0000,5.8000,34.8000,'2020-01-01','2020-12-31 00:00:00','','','',23,'2020-08-24 09:40:19',0.0000),(354,42,'疝补片','','','套',5.0000,1780.0000,8900.0000,'2020-01-01','2020-12-31 00:00:00','','','',23,'2020-08-24 09:47:29',0.0000),(355,43,'医用隔离眼罩','','','个',100.0000,35.0000,3500.0000,'2020-01-01','2021-12-31 00:00:00','','','',23,'2020-08-24 09:50:31',0.0000),(356,44,'牙科器材','','','套',1.0000,3420.0000,3420.0000,'2020-01-01','2020-12-31 00:00:00','','','',23,'2020-09-22 10:18:39',0.0000),(357,45,'一次性薄膜手套','','','双',2000.0000,0.1000,200.0000,'2020-01-01','2020-12-31 00:00:00','','','',23,'2020-09-22 10:30:53',0.0000),(358,45,'注射器','10毫升','','支',1500.0000,0.5800,870.0000,'2020-01-01','2020-12-31 00:00:00','','','',23,'2020-09-22 10:34:47',0.0000),(359,45,'酒精（小）','','','瓶',19.0000,2.3000,43.7000,'2020-01-01','2020-12-31 00:00:00','','','',23,'2020-09-22 10:36:56',0.0000),(360,45,'特定电磁波谱治疗仪','','','包',2.0000,620.0000,1240.0000,'2020-01-01','2020-12-31 00:00:00','','','',23,'2020-09-22 10:40:49',0.0000),(361,45,'中单','','','张',20.0000,3.6000,72.0000,'2020-01-01','2020-12-31 00:00:00','','','',23,'2020-09-22 10:46:18',0.0000),(362,45,'输液器针头','','','支',340.0000,0.2800,95.2000,'2020-01-01','2020-12-31 00:00:00','','','',23,'2020-09-22 10:53:58',0.0000),(363,45,'戊二醛','','','壶',1.0000,22.0000,22.0000,'2020-01-01','2020-12-31 00:00:00','','','',23,'2020-09-22 11:00:01',0.0000),(364,45,'乳胶手套','','','双',130.0000,1.7000,221.0000,'2020-01-01','2020-12-31 00:00:00','','','',23,'2020-09-22 11:02:54',0.0000),(365,45,'一次性吸引管','','','根',60.0000,6.0000,360.0000,'2020-01-01','2020-12-31 00:00:00','','','',23,'2020-09-22 11:06:22',0.0000),(367,45,'乳胶手套','','','双',100.0000,1.7000,170.0000,'2020-01-01','2020-12-31 00:00:00','','','',23,'2020-09-22 11:13:12',0.0000),(368,45,'输液器针头','','','支',200.0000,0.2800,56.0000,'2020-01-01','2020-12-31 00:00:00','','','',23,'2020-09-22 11:13:47',0.0000),(369,46,'注射器','1ml','','支',600.0000,0.3500,210.0000,'2020-01-01','2020-12-31 00:00:00','','','',23,'2020-10-26 09:22:31',0.0000),(370,46,'一次性静脉输液器','','','支',1000.0000,0.9000,900.0000,'2020-01-01','2020-12-31 00:00:00','','','',23,'2020-10-26 09:23:41',0.0000),(371,46,'一次性阴道扩张器','','','个',50.0000,1.5000,75.0000,'2020-01-01','2020-12-31 00:00:00','','','',23,'2020-10-26 09:25:10',0.0000),(372,46,'一次性使用鼻氧管','','','根',100.0000,1.2000,120.0000,'2020-01-01','2020-12-31 00:00:00','','','',23,'2020-10-26 09:26:15',0.0000),(373,46,'静脉输液器针头','','','支',600.0000,0.2800,168.0000,'2020-01-01','2020-12-31 00:00:00','','','',23,'2020-10-26 09:27:13',0.0000),(374,46,'一次性帽子','','','个',500.0000,1.2000,600.0000,'2020-01-01','2020-12-31 00:00:00','','','',23,'2020-10-26 09:32:39',300.0000),(375,46,'医用防护口罩','','','片',30.0000,6.8000,204.0000,'2020-01-01','2020-12-31 00:00:00','','','',23,'2020-10-26 09:33:39',0.0000),(376,46,'一次性使用雾化器','','','套',50.0000,19.5000,975.0000,'2020-01-01','2020-12-31 00:00:00','','','',23,'2020-10-26 09:34:29',0.0000),(377,46,'臂式电子血压计','','','台',10.0000,320.0000,3200.0000,'2020-01-01','2020-12-31 00:00:00','','','',23,'2020-10-26 09:35:43',0.0000),(378,46,'注射器','5ML','','支',500.0000,0.4000,200.0000,'2020-01-01','2020-12-31 00:00:00','','','',23,'2020-10-26 09:36:37',1000.0000),(379,46,'一次性输液瓶口贴','','','片',2000.0000,0.0800,160.0000,'2020-01-01','2020-12-31 00:00:00','','','',23,'2020-10-26 09:38:27',2400.0000),(380,46,'一次性PE手套','','','盒',10.0000,50.0000,500.0000,'2020-01-01','2020-12-31 00:00:00','','','',23,'2020-10-26 09:39:22',3.0000),(381,46,'一次性检查手套','','','双',1000.0000,1.7000,1700.0000,'2020-01-01','2020-12-31 00:00:00','','','',23,'2020-10-26 09:40:11',300.0000),(382,46,'注射器','10ML','','支',2400.0000,0.5800,1392.0000,'2020-01-01','2020-12-31 00:00:00','','','',23,'2020-10-26 09:40:54',1800.0000),(383,46,'一次性输液器','','','支',2000.0000,0.9000,1800.0000,'2020-01-01','2020-12-31 00:00:00','','','',23,'2020-10-26 09:41:39',1425.0000),(384,46,'一次性PE手套','','','盒',14.0000,50.0000,700.0000,'2020-01-01','2020-12-31 00:00:00','','','',23,'2020-10-26 09:42:34',2.0000),(385,46,'静脉输液器针头','','','支',200.0000,0.2800,56.0000,'2020-01-01','2020-12-31 00:00:00','','','',23,'2020-10-26 09:44:04',0.0000),(386,46,'医用真丝非吸收线','','','束',50.0000,6.0000,300.0000,'2020-01-01','2020-12-31 00:00:00','','','',23,'2020-10-26 09:45:49',50.0000),(387,46,'一次性静脉输液针','','','片',200.0000,0.2800,56.0000,'2020-01-01','2020-12-31 00:00:00','','','',23,'2020-10-26 09:46:46',600.0000),(388,46,'一次性静脉输液器','','','支',1000.0000,0.9000,900.0000,'2020-01-01','2020-12-31 00:00:00','','','',23,'2020-10-26 09:47:28',-450.0000),(389,46,'无菌敷贴','10*15','','片',30.0000,5.8000,174.0000,'2020-01-01','2020-12-31 00:00:00','','','',23,'2020-10-26 09:48:16',55.0000),(390,46,'75%酒精','500ML','','瓶',5.0000,9.8000,49.0000,'2020-01-01','2020-12-31 00:00:00','','','',23,'2020-10-26 09:49:11',20.0000),(391,46,'医用棉签','','','包',60.0000,12.0000,720.0000,'2020-01-01','2020-12-31 00:00:00','','','',23,'2020-10-26 09:49:46',60.0000),(392,46,'止血混扎带','','','米',20.0000,3.0000,60.0000,'2020-01-01','2020-12-31 00:00:00','','','',23,'2020-10-26 09:50:50',0.0000),(393,46,'特定波电磁治疗仪','','','台',4.0000,620.0000,2480.0000,'2020-01-01','2020-12-31 00:00:00','','','',23,'2020-10-26 09:52:12',2.0000),(394,46,'输液架','','','个',5.0000,160.0000,800.0000,'2020-01-01','2020-12-31 00:00:00','','','',23,'2020-10-26 09:52:55',5.0000),(395,46,'免洗手液','','','瓶',30.0000,48.0000,1440.0000,'2020-01-01','2020-12-31 00:00:00','','','',23,'2020-10-26 09:53:42',41.0000),(396,46,'静脉输液器针头','','','支',200.0000,0.2800,56.0000,'2020-01-01','2020-12-31 00:00:00','','','',23,'2020-10-26 09:54:23',0.0000),(397,46,'注射器','5ML','','支',500.0000,0.4000,200.0000,'2020-01-01','2020-12-31 00:00:00','','','',23,'2020-10-26 09:55:10',500.0000),(398,46,'注射器','10ML','','支',1200.0000,0.5800,696.0000,'2020-01-01','2020-12-31 00:00:00','','','',23,'2020-10-26 09:55:42',0.0000),(399,46,'无菌敷贴','10*15','','片',200.0000,5.8000,1160.0000,'2020-01-01','2020-12-31 00:00:00','','','',23,'2020-10-26 09:56:31',200.0000),(400,46,'纸胶','','','盒',30.0000,12.0000,360.0000,'2020-01-01','2020-12-31 00:00:00','','','',23,'2020-10-26 09:57:03',27.0000),(401,46,'医用凡士林纱布','6*8*8','','包',100.0000,2.5000,250.0000,'2020-01-01','2020-12-31 00:00:00','','','',23,'2020-10-26 09:57:50',0.0000),(402,46,'一次性帽子','','','个',500.0000,1.2000,600.0000,'2020-01-01','2020-12-31 00:00:00','','','',23,'2020-10-26 09:58:29',0.0000),(403,46,'热敏打印纸','','','卷',40.0000,7.7000,308.0000,'2020-01-01','2020-12-31 00:00:00','','','',23,'2020-10-26 09:59:14',0.0000),(404,46,'一次性导尿包','','','个',10.0000,20.0000,200.0000,'2020-01-01','2020-12-31 00:00:00','','','',23,'2020-10-26 10:00:04',0.0000),(405,46,'一次性固定带','','','个',100.0000,58.0000,5800.0000,'2020-01-01','2020-12-31 00:00:00','','','',23,'2020-10-26 10:00:56',0.0000),(406,46,'血糖试纸','','','个',250.0000,3.2000,800.0000,'2020-01-01','2020-12-31 00:00:00','','','',23,'2020-10-26 10:01:33',0.0000),(407,46,'注射器','10ML','','支',2400.0000,0.5800,1392.0000,'2020-01-01','2020-12-31 00:00:00','','','',23,'2020-10-26 10:02:15',0.0000),(408,46,'高频手术电极','','','个',20.0000,80.0000,1600.0000,'2020-01-01','2020-12-31 00:00:00','','','',23,'2020-10-26 10:03:12',0.0000),(409,46,'医用红外额温计','','','个',5.0000,120.0000,600.0000,'2020-01-01','2020-12-31 00:00:00','','','',23,'2020-10-26 10:04:17',5.0000),(410,46,'无菌阴道扩张器','','','个',800.0000,1.5000,1200.0000,'2020-01-01','2020-12-31 00:00:00','','','',23,'2020-10-26 10:05:10',1600.0000),(411,46,'6*静脉输液针','','','支',540.0000,0.2800,151.2000,'2020-01-01','2020-12-31 00:00:00','','','',23,'2020-10-26 10:06:08',0.0000),(412,46,'一次性加药针头','','','盒',2.0000,35.0000,70.0000,'2020-01-01','2020-12-31 00:00:00','','','',23,'2020-10-26 10:07:02',0.0000),(413,46,'一次性子宫造影管','','','支',60.0000,5.8000,348.0000,'2020-01-01','2020-12-31 00:00:00','','','',23,'2020-10-26 10:07:45',0.0000),(414,46,'75%','500ML','','瓶',10.0000,7.0000,70.0000,'2020-01-01','2020-12-31 00:00:00','','','',23,'2020-10-26 10:08:27',0.0000),(415,46,'一次性PE手套','','','双',28.0000,50.0000,1400.0000,'2020-01-01','2020-12-31 00:00:00','','','',23,'2020-10-26 10:09:06',15.0000),(416,46,'一次性吸氧管','','','根',100.0000,1.2000,120.0000,'2020-01-01','2020-12-31 00:00:00','','','',23,'2020-10-26 10:09:39',0.0000),(417,46,'一次性检查手套','','','双',1090.0000,1.7000,1853.0000,'2020-01-01','2020-12-31 00:00:00','','','',23,'2020-10-26 10:10:25',1090.0000),(431,47,'一次性混扎止血带','','','米',4.0000,3.0000,12.0000,'2020-01-01','2020-12-31 00:00:00','','','',23,'2020-10-26 10:39:03',100.0000),(432,47,'一次性静脉留置针','24G','','支',20.0000,20.0000,400.0000,'2020-01-01','2020-12-31 00:00:00','','','',23,'2020-10-26 10:39:43',24.0000),(433,47,'碘伏','60ML','','瓶',45.0000,2.3000,103.5000,'2020-01-01','2020-12-31 00:00:00','','','',23,'2020-10-26 10:40:14',14.0000),(434,47,'医用真丝编织线','3-0','','包',9.0000,6.0000,54.0000,'2020-01-01','2020-12-31 00:00:00','','','',23,'2020-10-26 10:41:15',131.0000),(435,48,'妇检垫','','','块',3000.0000,1.4500,4350.0000,'2020-01-01','2020-12-31 00:00:00','','','',23,'2020-10-26 10:44:24',1500.0000),(436,48,'组合套针','三角6*14','','包',50.0000,6.8000,340.0000,'2020-01-01','2020-12-31 00:00:00','','','',23,'2020-10-26 10:46:47',50.0000),(437,48,'组合套针','圆角6*14','','包',100.0000,6.8000,680.0000,'2020-01-01','2020-12-31 00:00:00','','','',23,'2020-10-26 10:47:40',100.0000),(438,48,'一次性中单','','','块',400.0000,6.2000,2480.0000,'2020-01-01','2020-12-31 00:00:00','','','',23,'2020-10-26 10:48:42',0.0000),(439,47,'84消毒液','','','瓶',120.0000,2.6000,312.0000,'2020-01-01','2020-12-31 00:00:00','','','',23,'2020-10-26 11:03:42',80.0000),(440,47,'高频手术电极','','','个',10.0000,80.0000,800.0000,'2020-01-01','2020-12-31 00:00:00','','','',23,'2020-10-26 11:04:11',0.0000),(441,47,'戊二醛','','','壶',5.0000,22.0000,110.0000,'2020-01-01','2020-12-31 00:00:00','','','',23,'2020-10-26 11:04:38',5.0000),(442,47,'碘伏','60ML','','瓶',100.0000,2.3000,230.0000,'2020-01-01','2020-12-31 00:00:00','','','',23,'2020-10-26 11:05:06',100.0000),(443,47,'75%酒精','100ML','','瓶',30.0000,2.3000,69.0000,'2020-01-01','2020-12-31 00:00:00','','','',23,'2020-10-26 11:05:39',30.0000),(444,49,'婴儿护脐','','','片',10.0000,2.7300,27.3000,'2020-01-01','2020-12-31 00:00:00','','','',23,'2020-10-26 14:13:09',0.0000),(445,49,'中单','','','张',10.0000,3.6000,36.0000,'2020-01-01','2020-12-31 00:00:00','','','',23,'2020-10-26 14:24:39',0.0000),(446,49,'一次性薄膜手套','','','只',200.0000,0.0500,10.0000,'2020-01-01','2020-12-31 00:00:00','','','',23,'2020-10-26 14:55:15',0.0000),(447,50,'妇检垫','','','块',3000.0000,1.4500,4350.0000,'2020-01-01','2020-12-31 00:00:00','','','',23,'2020-10-27 08:45:23',3000.0000),(448,50,'扩张器','','','个',1600.0000,1.5000,2400.0000,'2020-01-01','2020-12-31 00:00:00','','','',23,'2020-10-27 08:45:48',0.0000),(449,50,'组合套针','6*14圆','','包',50.0000,6.8000,340.0000,'2020-01-01','2020-12-31 00:00:00','','','',23,'2020-10-27 08:46:37',50.0000),(450,51,'医用外科口罩','','','个',8000.0000,1.1000,8800.0000,'2020-01-01','2020-12-31 00:00:00','','','',23,'2020-11-19 10:44:03',0.0000),(451,51,'一次性使用口罩','','','个',24000.0000,0.6000,14400.0000,'2020-01-01','2020-12-31 00:00:00','','','',23,'2020-11-19 10:44:42',0.0000),(452,52,'麻醉包','','','个',40.0000,65.0000,2600.0000,'2020-01-01','2020-12-31 00:00:00','','','',23,'2020-11-19 10:55:17',0.0000),(453,52,'心电图单导纸','','','个',40.0000,7.7000,308.0000,'2020-01-01','2020-12-31 00:00:00','','','',23,'2020-11-19 10:58:05',0.0000),(454,52,'耦合剂','','','瓶',16.0000,7.8000,124.8000,'2020-01-01','2020-12-31 00:00:00','','','',23,'2020-11-19 10:59:23',0.0000),(455,52,'纸胶','','','盒',3.0000,20.0000,60.0000,'2020-01-01','2020-12-31 00:00:00','','','',23,'2020-11-19 11:02:53',0.0000),(456,52,'纸胶','','','盒',1.0000,20.0000,20.0000,'2020-01-01','2020-12-31 00:00:00','','','',23,'2020-11-19 11:07:07',0.0000),(457,53,'便携式肺功能仪','','','台',1.0000,32000.0000,32000.0000,'2020-01-01','2020-12-31 00:00:00','','','',23,'2020-12-23 09:57:46',0.0000),(458,53,'动态心电图仪','','','台',1.0000,24600.0000,24600.0000,'2020-01-01','2020-12-31 00:00:00','','','',23,'2020-12-23 09:58:28',0.0000),(459,53,'动态心电图仪','','','台',1.0000,24600.0000,24600.0000,'2020-01-01','2020-12-31 00:00:00','','','',23,'2020-12-23 09:59:29',-1.0000),(460,54,'一次性阴道扩张器','','','个',800.0000,1.5000,1200.0000,'2020-01-01','2020-12-31 00:00:00','','','',23,'2020-12-23 10:01:42',0.0000),(461,54,'一次性鼻氧管','','','个',200.0000,1.2000,240.0000,'2020-01-01','2020-12-31 00:00:00','','','',23,'2020-12-23 10:02:33',0.0000),(462,54,'鹅颈灯','','','台',4.0000,196.0000,784.0000,'2020-01-01','2020-12-31 00:00:00','','','',23,'2020-12-23 10:03:07',3.0000),(463,54,'医用隔离眼罩','','','个',30.0000,15.0000,450.0000,'2020-01-01','2020-12-31 00:00:00','','','',23,'2020-12-23 10:03:43',0.0000),(464,54,'乳胶检查手套','','','双',1000.0000,1.7000,1700.0000,'2020-01-01','2020-12-31 00:00:00','','','',23,'2020-12-23 10:04:14',150.0000),(465,54,'一次性婴儿吸痰管','','','根',100.0000,2.3000,230.0000,'2020-01-01','2020-12-31 00:00:00','','','',23,'2020-12-23 10:04:59',75.0000),(466,54,'一次性麻醉穿刺包','','','个',40.0000,65.0000,2600.0000,'2020-01-01','2020-12-31 00:00:00','','','',23,'2020-12-23 10:05:40',0.0000),(467,54,'单导心电图纸','','','卷',40.0000,7.7000,308.0000,'2020-01-01','2020-12-31 00:00:00','','','',23,'2020-12-23 10:06:26',0.0000),(468,54,'无菌手术刀片','','','片',197.0000,1.5000,295.5000,'2020-01-01','2020-12-31 00:00:00','','','',23,'2020-12-23 10:07:08',0.0000),(469,54,'视力灯箱','','','盒',2.0000,350.0000,700.0000,'2020-01-01','2020-12-31 00:00:00','','','',23,'2020-12-23 10:07:45',0.0000),(470,54,'婴儿护脐','','','片',100.0000,2.7300,273.0000,'2020-01-01','2020-12-31 00:00:00','','','',23,'2020-12-23 10:08:17',0.0000),(471,54,'体重秤','','','台',1.0000,450.0000,450.0000,'2020-01-01','2020-12-31 00:00:00','','','',23,'2020-12-23 10:08:43',0.0000),(472,54,'换药碗','','','个',5.0000,56.0000,280.0000,'2020-01-01','2020-12-31 00:00:00','','','',23,'2020-12-23 10:09:14',5.0000),(473,54,'纱布绷带','','','包',10.0000,21.9000,219.0000,'2020-01-01','2020-12-31 00:00:00','','','',23,'2020-12-23 10:09:46',0.0000),(474,54,'一次性输液器','','','个',2500.0000,0.9000,2250.0000,'2020-01-01','2020-12-31 00:00:00','','','',23,'2020-12-23 10:10:20',0.0000),(475,54,'一次性无菌注射针','','','支',3600.0000,0.5800,2088.0000,'2020-01-01','2020-12-31 00:00:00','','','',23,'2020-12-23 10:11:01',0.0000),(476,54,'医用棉球','','','包',400.0000,1.6000,640.0000,'2020-01-01','2020-12-31 00:00:00','','','',23,'2020-12-23 10:11:31',400.0000),(477,54,'一次性无菌注射针','','','支',500.0000,0.4000,200.0000,'2020-01-01','2020-12-31 00:00:00','','','',23,'2020-12-23 10:12:29',0.0000),(478,54,'医用超声耦合剂','','','瓶',60.0000,7.8000,468.0000,'2020-01-01','2020-12-31 00:00:00','','','',23,'2020-12-23 10:13:03',26.0000),(479,54,'一次性静脉头皮针','','','支',200.0000,0.2800,56.0000,'2020-01-01','2020-12-31 00:00:00','','','',23,'2020-12-23 10:13:43',0.0000),(480,54,'血糖试纸','','','个',200.0000,3.2000,640.0000,'2020-01-01','2020-12-31 00:00:00','','','',23,'2020-12-23 10:14:19',0.0000),(481,54,'可吸收外科缝线','','','包',47.0000,34.0000,1598.0000,'2020-01-01','2020-12-31 00:00:00','','','',23,'2020-12-23 10:15:17',120.0000),(482,54,'电子血压计','','','台',5.0000,320.0000,1600.0000,'2020-01-01','2020-12-31 00:00:00','','','',23,'2020-12-23 10:15:53',0.0000),(483,54,'台式血压计','','','台',4.0000,90.0000,360.0000,'2020-01-01','2020-12-31 00:00:00','','','',23,'2020-12-23 10:16:38',6.0000),(484,54,'酒精消毒液','500','','瓶',10.0000,7.0000,70.0000,'2020-01-01','2020-12-31 00:00:00','','','',23,'2020-12-23 10:17:20',10.0000),(485,54,'酒精消毒液','100','','瓶',20.0000,2.3000,46.0000,'2020-01-01','2020-12-31 00:00:00','','','',23,'2020-12-23 10:18:00',20.0000),(486,54,'纸胶','','','盒',20.0000,12.0000,240.0000,'2020-01-01','2020-12-31 00:00:00','','','',23,'2020-12-23 10:19:29',0.0000),(487,54,'灭菌橡胶手套','','','双',50.0000,4.0000,200.0000,'2020-01-01','2020-12-31 00:00:00','','','',23,'2020-12-23 10:20:17',0.0000),(488,54,'灭菌手套','','','双',50.0000,4.0000,200.0000,'2020-01-01','2020-12-31 00:00:00','','','',23,'2020-12-23 10:20:47',0.0000),(489,54,'酒精消毒液','','','瓶',10.0000,9.8000,98.0000,'2020-01-01','2020-12-31 00:00:00','','','',23,'2020-12-23 10:21:36',10.0000),(490,54,'棉签','','','包',60.0000,12.0000,720.0000,'2020-01-01','2020-12-31 00:00:00','','','',23,'2020-12-23 10:22:11',0.0000),(491,54,'玻璃体温计','','','根',20.0000,4.0000,80.0000,'2020-01-01','2020-12-31 00:00:00','','','',23,'2020-12-23 10:23:06',0.0000),(492,54,'免洗手液','','','瓶',30.0000,48.0000,1440.0000,'2020-01-01','2020-12-31 00:00:00','','','',23,'2020-12-23 10:23:49',0.0000),(493,54,'戊二醛','','','壶',8.0000,22.0000,176.0000,'2020-01-01','2020-12-31 00:00:00','','','',23,'2020-12-23 10:24:24',0.0000),(494,54,'碘伏','','','瓶',30.0000,5.5000,165.0000,'2020-01-01','2020-12-31 00:00:00','','','',23,'2020-12-23 10:24:57',0.0000),(495,55,'一次性静脉留置针','','','个',40.0000,20.0000,800.0000,'2020-01-01','2020-12-31 00:00:00','','','',23,'2020-12-23 10:26:42',0.0000),(496,55,'碘伏','','','瓶',40.0000,5.5000,220.0000,'2020-01-01','2020-12-31 00:00:00','','','',23,'2020-12-23 10:27:19',63.0000),(497,55,'碘伏','','','瓶',50.0000,2.3000,115.0000,'2020-01-01','2020-12-31 00:00:00','','','',23,'2020-12-23 10:27:45',45.0000),(498,55,'凡士林','','','瓶',10.0000,13.0000,130.0000,'2020-01-01','2020-12-31 00:00:00','','','',23,'2020-12-23 10:28:20',0.0000),(499,55,'骨科敷料','','','盒',50.0000,22.0000,1100.0000,'2020-01-01','2020-12-31 00:00:00','','','',23,'2020-12-23 10:29:16',0.0000),(500,56,'妇检垫','','','块',3000.0000,1.4500,4350.0000,'2020-01-01','2020-12-31 00:00:00','','','',23,'2020-12-23 10:30:41',0.0000),(501,56,'医用双摇床','','','张',1.0000,2350.0000,2350.0000,'2020-01-01','2020-12-31 00:00:00','','','',23,'2020-12-23 10:31:18',0.0000),(502,56,'手术衣','','','件',200.0000,19.0000,3800.0000,'2020-01-01','2020-12-31 00:00:00','','','',23,'2020-12-23 10:31:51',0.0000),(503,56,'医用双摇床床垫','','','张',1.0000,300.0000,300.0000,'2020-01-01','2020-12-31 00:00:00','','','',23,'2020-12-23 10:32:31',0.0000),(504,56,'床头柜','','','台',1.0000,480.0000,480.0000,'2020-01-01','2020-12-31 00:00:00','','','',23,'2020-12-23 10:33:03',0.0000),(505,56,'床头柜餐板','','','个',1.0000,220.0000,220.0000,'2020-01-01','2020-12-31 00:00:00','','','',23,'2020-12-23 10:33:41',0.0000),(506,56,'铅衣','','','件',1.0000,1980.0000,1980.0000,'2020-01-01','2020-12-31 00:00:00','','','',23,'2020-12-23 10:34:22',0.0000),(507,56,'铅帽','','','件',1.0000,580.0000,580.0000,'2020-01-01','2020-12-31 00:00:00','','','',23,'2020-12-23 10:34:48',0.0000),(508,56,'铅颈','','','件',1.0000,580.0000,580.0000,'2020-01-01','2020-12-31 00:00:00','','','',23,'2020-12-23 10:35:22',0.0000),(509,57,'多功能医用胶片','','','张',2000.0000,4.9000,9800.0000,'2020-01-01','2020-12-31 00:00:00','','','',23,'2020-12-23 10:36:41',0.0000),(510,57,'消毒型超声耦合剂','','','瓶',600.0000,6.8000,4080.0000,'2020-01-01','2020-12-31 00:00:00','','','',23,'2020-12-23 10:37:20',0.0000),(511,57,'定量分析软件','','','套',2.0000,7500.0000,15000.0000,'2020-01-01','2020-12-31 00:00:00','','','',23,'2020-12-23 10:38:01',0.0000),(512,58,'薄膜手套','','','双',1000.0000,0.1000,100.0000,'2020-01-01','2020-12-31 00:00:00','','','',23,'2020-12-23 10:50:45',0.0000),(513,58,'薄膜手套','','','双',100.0000,0.1000,10.0000,'2020-01-01','2020-12-31 00:00:00','','','',23,'2020-12-23 11:04:00',0.0000),(514,58,'薄膜手套','','','双',100.0000,0.1000,10.0000,'2020-01-01','2020-12-31 00:00:00','','','',23,'2020-12-23 14:16:46',0.0000),(515,58,'纸胶','','','盒',6.0000,20.0000,120.0000,'2020-01-01','2020-12-31 00:00:00','','','',23,'2020-12-23 14:32:09',0.0000),(516,58,'子宫探针','','','张',2.0000,22.0000,44.0000,'2020-01-01','2020-12-31 00:00:00','','','',23,'2020-12-23 14:43:20',0.0000),(517,58,'纸胶','','','盒',8.0000,20.0000,160.0000,'2020-01-01','2020-12-31 00:00:00','','','',23,'2020-12-23 15:12:32',0.0000),(518,59,'牵引床','','','张',1.0000,29500.0000,29500.0000,'2021-01-01','2021-12-31 00:00:00','','','',23,'2021-01-08 15:58:52',0.0000),(519,60,'微波理疗仪','','','台',1.0000,4800.0000,4800.0000,'2021-01-01','2021-12-31 00:00:00','','','',23,'2021-01-28 15:22:27',0.0000),(520,60,'医用检查手套','','','双',735.0000,1.7000,1249.5000,'2021-01-01','2021-12-31 00:00:00','','','',23,'2021-01-28 15:25:35',0.0000),(521,60,'一次性无菌注射器','','','支',500.0000,0.3500,175.0000,'2021-01-01','2021-12-31 00:00:00','','','',23,'2021-01-28 15:26:41',0.0000),(522,60,'医用防护口罩','','','个',100.0000,3.0000,300.0000,'2021-01-01','2021-12-31 00:00:00','','','',23,'2021-01-28 15:27:22',0.0000),(523,60,'医用碘伏','','','瓶',30.0000,5.5000,165.0000,'2021-01-01','2021-12-31 00:00:00','','','',23,'2021-01-28 15:27:54',0.0000),(524,60,'84消毒液','','','瓶',150.0000,2.6000,390.0000,'2021-01-01','2021-12-31 00:00:00','','','',23,'2021-01-28 15:28:22',0.0000),(525,60,'外科手套','7.5','','双',50.0000,4.0000,200.0000,'2021-01-01','2021-12-31 00:00:00','','','',23,'2021-01-28 15:29:04',0.0000),(526,60,'外科手套','8.0','','双',50.0000,4.0000,200.0000,'2021-01-01','2021-12-31 00:00:00','','','',23,'2021-01-28 15:29:28',0.0000),(527,60,'一次性止血带','','','盒',10.0000,90.0000,900.0000,'2021-01-01','2021-12-31 00:00:00','','','',23,'2021-01-28 15:30:13',0.0000),(528,60,'可吸收外科缝线','2-0','','束',12.0000,34.0000,408.0000,'2021-01-01','2021-12-31 00:00:00','','','',23,'2021-01-28 15:31:35',0.0000),(529,60,'可吸收外科缝线','3-0','','束',12.0000,34.0000,408.0000,'2021-01-01','2021-12-31 00:00:00','','','',23,'2021-01-28 15:32:02',0.0000),(530,60,'可吸收外科缝线','1-0','','束',12.0000,34.0000,408.0000,'2021-01-01','2021-12-31 00:00:00','','','',23,'2021-01-28 15:32:28',0.0000),(531,60,'一次性导尿包','','','个',10.0000,20.0000,200.0000,'2021-01-01','2021-12-31 00:00:00','','','',23,'2021-01-28 15:32:58',0.0000),(532,60,'一次性使用吸引管','','','根',50.0000,4.8000,240.0000,'2021-01-01','2021-12-31 00:00:00','','','',23,'2021-01-28 15:33:36',0.0000),(533,60,'单鼻氧管','','','根',550.0000,1.2000,660.0000,'2021-01-01','2021-12-31 00:00:00','','','',23,'2021-01-28 15:34:06',0.0000),(534,60,'浮标式-氧气吸入器','','','台',2.0000,180.0000,360.0000,'2021-01-01','2021-12-31 00:00:00','','','',23,'2021-01-28 15:35:09',0.0000),(535,60,'无菌敷贴','','','片',500.0000,1.8000,900.0000,'2021-01-01','2021-12-31 00:00:00','','','',23,'2021-01-28 15:35:48',0.0000),(536,60,'75%酒精','','','瓶',30.0000,7.0000,210.0000,'2021-01-01','2021-12-31 00:00:00','','','',23,'2021-01-28 15:36:25',0.0000),(537,60,'一次性使用帽子','','','个',200.0000,0.8000,160.0000,'2021-01-01','2021-12-31 00:00:00','','','',23,'2021-01-28 15:36:57',0.0000),(538,60,'一次性使用薄膜手套','','','包',20.0000,50.0000,1000.0000,'2021-01-01','2021-12-31 00:00:00','','','',23,'2021-01-28 15:37:35',0.0000),(539,60,'医用防护口罩','','','个',200.0000,3.0000,600.0000,'2021-01-01','2021-12-31 00:00:00','','','',23,'2021-01-28 15:38:06',0.0000),(540,61,'激光胶片','','','张',500.0000,15.0000,7500.0000,'2021-01-01','2021-12-31 00:00:00','','','',23,'2021-01-28 15:43:06',0.0000),(541,61,'脉冲针灸治疗仪','','','台',1.0000,3850.0000,3850.0000,'2021-01-01','2021-12-31 00:00:00','','','',23,'2021-01-28 15:44:08',0.0000),(542,62,'台式离心机','','','台',1.0000,1000.0000,1000.0000,'2021-01-01','2021-12-31 00:00:00','','','',23,'2021-01-28 15:46:33',0.0000),(543,63,'通过式测温门','','','个',1.0000,18800.0000,18800.0000,'2021-01-01','2021-12-31 00:00:00','','','',23,'2021-02-04 10:48:48',0.0000),(544,64,'包布','80*80','南昌','块',20.0000,38.0000,760.0000,'20201231','2023-12-31 00:00:00','','','',23,'2021-02-19 10:31:59',20.0000),(545,65,'电子血压计','','','台',2.0000,320.0000,640.0000,'2020-01-01','2021-12-31 00:00:00','','','',23,'2021-03-09 08:55:55',2.0000),(546,65,'单导打印纸','','','本',2.0000,7.7000,15.4000,'2020-01-01','2021-12-31 00:00:00','','','',23,'2021-03-09 08:57:50',2.0000),(547,65,'一次性手术衣','','','件',150.0000,19.0000,2850.0000,'2020-01-01','2021-12-31 00:00:00','','','',23,'2021-03-09 08:58:33',150.0000);
/*!40000 ALTER TABLE `sales_goods` ENABLE KEYS */;
UNLOCK TABLES;

--
-- Table structure for table `sys_admin`
--

DROP TABLE IF EXISTS `sys_admin`;
/*!40101 SET @saved_cs_client     = @@character_set_client */;
/*!50503 SET character_set_client = utf8mb4 */;
CREATE TABLE `sys_admin` (
  `id` int(11) NOT NULL AUTO_INCREMENT,
  `username` varchar(20) NOT NULL,
  `password` varchar(130) NOT NULL,
  `salt` varchar(20) NOT NULL,
  `real_name` varchar(20) DEFAULT NULL,
  `id_card` varchar(20) DEFAULT NULL,
  `mobile_phone` varchar(20) DEFAULT NULL,
  `avatar_url` varchar(255) DEFAULT NULL,
  `time_add` datetime NOT NULL,
  `time_last_login` datetime NOT NULL,
  `enabled` tinyint(1) NOT NULL,
  `purviews` varchar(3000) NOT NULL,
  `is_deleted` tinyint(1) DEFAULT '0',
  PRIMARY KEY (`id`),
  UNIQUE KEY `id_UNIQUE` (`id`),
  UNIQUE KEY `username_UNIQUE` (`username`)
) ENGINE=InnoDB AUTO_INCREMENT=25 DEFAULT CHARSET=utf8mb4 COLLATE=utf8mb4_0900_ai_ci;
/*!40101 SET character_set_client = @saved_cs_client */;

--
-- Dumping data for table `sys_admin`
--

LOCK TABLES `sys_admin` WRITE;
/*!40000 ALTER TABLE `sys_admin` DISABLE KEYS */;
INSERT INTO `sys_admin` VALUES (9,'rush','619E962EE768E636','abcd1234','黄强','362301196905012314','13807930112','/static/image/avatar/001.jpg','2019-07-28 00:00:00','2019-07-31 00:00:00',1,'SalesContract_add,SalesContract_del,SalesContract_update,SalesContract_show,SalesGoods_add,SalesGoods_del,SalesGoods_update,SalesGoods_show,CheckoutContract_add,CheckoutContract_del,CheckoutContract_update,CheckoutContract_show,CheckoutRecord_add,CheckoutRecord_del,CheckoutRecord_update,CheckoutRecord_show,InventoryContract_add,InventoryContract_del,InventoryContract_update,InventoryContract_show,InventoryRecord_add,InventoryRecord_del,InventoryRecord_update,InventoryRecord_show,SysAdmin_add,SysAdmin_del,SysAdmin_update,SysAdmin_show,SalesCompany_add,SalesCompany_del,SalesCompany_update,SalesCompany_show',0),(21,'rush2112','DD37E6EA2907E51E5717CE7CD88769B3','','黄强','','13970319181','','2019-11-22 13:06:36','2019-11-22 13:06:36',1,'SUPERADMIN',0),(23,'8310155wm','C48CD98A8E2C9F74','','吴敏','','','','2020-01-14 09:59:32','2020-01-14 09:59:32',1,'SUPERADMIN',0),(24,'gj9100','93A6E8E29EC406D3','','','','','','2020-01-14 11:09:06','2020-01-14 11:09:06',1,'HOME,SalesContract_add,SalesContract_del,SalesContract_update,SalesContract_show,SalesGoods_add,SalesGoods_del,SalesGoods_update,SalesGoods_show,CheckoutContract_add,CheckoutContract_del,CheckoutContract_update,CheckoutContract_show,CheckoutRecord_add,CheckoutRecord_del,CheckoutRecord_update,CheckoutRecord_show,InventoryContract_add,InventoryContract_del,InventoryContract_update,InventoryContract_show,InventoryRecord_add,InventoryRecord_del,InventoryRecord_update,InventoryRecord_show,SalesCompany_add,SalesCompany_del,SalesCompany_update,SalesCompany_show',0);
/*!40000 ALTER TABLE `sys_admin` ENABLE KEYS */;
UNLOCK TABLES;
/*!40103 SET TIME_ZONE=@OLD_TIME_ZONE */;

/*!40101 SET SQL_MODE=@OLD_SQL_MODE */;
/*!40014 SET FOREIGN_KEY_CHECKS=@OLD_FOREIGN_KEY_CHECKS */;
/*!40014 SET UNIQUE_CHECKS=@OLD_UNIQUE_CHECKS */;
/*!40101 SET CHARACTER_SET_CLIENT=@OLD_CHARACTER_SET_CLIENT */;
/*!40101 SET CHARACTER_SET_RESULTS=@OLD_CHARACTER_SET_RESULTS */;
/*!40101 SET COLLATION_CONNECTION=@OLD_COLLATION_CONNECTION */;
/*!40111 SET SQL_NOTES=@OLD_SQL_NOTES */;

-- Dump completed on 2021-03-11 10:39:01
